scorer,DeepCut_resnet50_clip3Mar15shuffle1_210000,DeepCut_resnet50_clip3Mar15shuffle1_210000,DeepCut_resnet50_clip3Mar15shuffle1_210000,DeepCut_resnet50_clip3Mar15shuffle1_210000,DeepCut_resnet50_clip3Mar15shuffle1_210000,DeepCut_resnet50_clip3Mar15shuffle1_210000
bodyparts,hypostone,hypostone,hypostone,peduncle,peduncle,peduncle
coords,x,y,likelihood,x,y,likelihood
0,1458.9632263183594,1197.5904651880264,0.9630506038665771,402.60882127285004,1317.570416688919,0.999936580657959
1,1459.1459616422653,1197.7816103696823,0.9576898813247681,402.59515821933746,1317.554648399353,0.9999425411224365
2,1459.3405120968819,1197.7877696752548,0.9717772006988525,402.5281094312668,1317.3814227581024,0.999942421913147
3,1459.3901263475418,1197.6606985330582,0.9836837649345398,402.7180359363556,1317.1984651088715,0.9999533891677856
4,1459.3598907589912,1197.5691703557968,0.9860715270042419,402.7498371601105,1317.1731091737747,0.9999616146087646
5,1459.2240409255028,1197.3798097372055,0.9911569356918335,402.6702991724014,1316.999786913395,0.9999613761901855
6,1458.7786045074463,1195.6492267847061,0.9977737069129944,403.10105353593826,1317.007666349411,0.9999709129333496
7,1452.436967253685,1184.0614993572235,0.9996650218963623,416.49403047561646,1319.3682870864868,0.9999570846557617
8,1438.7907049655914,1170.0322842597961,0.9996575117111206,431.9727702140808,1322.9918497800827,0.9999803304672241
9,1425.7595031261444,1157.062243103981,0.9998924732208252,444.63163101673126,1324.026682768017,0.9998822212219238
10,1421.1700067520142,1147.5936388075352,0.9993215799331665,454.8141379356384,1322.7608476877213,0.9999862909317017
11,1410.570935845375,1143.3780591487885,0.9994344115257263,460.051450971514,1322.7321248054504,0.9998956918716431
12,1408.1311507225037,1138.8394602537155,0.9983091354370117,466.06462728977203,1319.7514317035675,0.9999896287918091
13,1404.353933364153,1131.27024102211,0.9988884329795837,468.7202885746956,1319.229933977127,0.9999942779541016
14,1398.0633661746979,1130.490490436554,0.9989000558853149,470.62902307510376,1318.5126593112946,0.999991774559021
15,1392.0444402694702,1127.4720149040222,0.9974865913391113,472.1621346473694,1318.20551943779,0.9999802112579346
16,1392.0382194519043,1126.0368282794952,0.9986300468444824,473.0504341125488,1318.3143558502197,0.9999642372131348
17,1388.8167407512665,1125.1648236513138,0.9992386102676392,474.1386419534683,1317.5823755264282,0.9999783039093018
18,1385.107362985611,1124.9546891450882,0.9980632662773132,475.1642541885376,1316.8194344639778,0.9999865293502808
19,1379.54904204607,1123.7626363039017,0.999370276927948,475.96191024780273,1315.9878975916654,0.9999885559082031
20,1376.1339201927185,1122.1132847070694,0.9995043277740479,477.3425667285919,1315.0077675580978,0.9999880790710449
21,1377.1425738334656,1122.421536564827,0.9982615113258362,478.7042558193207,1314.438700079918,0.9999833106994629
22,1374.7334809303284,1122.2439510822296,0.9988310933113098,480.18505334854126,1313.6793103218079,0.9999786615371704
23,1371.3149394989014,1121.7394850254059,0.9987207055091858,481.0738956928253,1312.7597498893738,0.9999849796295166
24,1366.496018409729,1121.9351933002472,0.9982086420059204,481.9023118019104,1312.475337266922,0.9999905824661255
25,1363.9823263324797,1121.0636529922485,0.9990429282188416,482.0004243850708,1311.0433933734894,0.9999905824661255
26,1359.9450097084045,1111.6419050693512,0.9997794032096863,486.3138339519501,1312.8897922039032,0.9999949932098389
27,1349.3676207065582,1110.1821234226227,0.9999645948410034,503.06246066093445,1316.173589169979,0.9999947547912598
28,1342.1366860866547,1109.438642501831,0.9999696016311646,519.4806323051453,1314.045813202858,0.9999856948852539
29,1332.1185991838574,1108.3972846269608,0.9999629259109497,531.3689846992493,1308.6834115982056,0.9999867677688599
30,1328.303394317627,1109.4249577522278,0.9998582601547241,541.6778205633163,1302.460731267929,0.9999629259109497
31,1321.330495595932,1108.80011844635,0.9998206496238708,550.4434504508972,1297.1817286014557,0.9999321699142456
32,1315.4640154242516,1108.605952680111,0.999872088432312,555.3490076065063,1289.546667098999,0.9996032118797302
33,1311.606321811676,1107.317208826542,0.9995703101158142,563.0652692317963,1284.40521427989,0.9999804496765137
34,1308.5144230127335,1108.398156374693,0.9997244477272034,564.859493792057,1279.0124726295471,0.9999276399612427
35,1303.2309992313385,1107.5092029571533,0.9939272403717041,566.8918640613556,1273.409601688385,0.9998615980148315
36,1298.4458237886429,1106.6411290168762,0.9983898401260376,571.5548393726349,1270.173012971878,0.9999396800994873
37,1296.076399564743,1107.0422681570053,0.9885703921318054,576.3820276260376,1266.2377557754517,0.9998728036880493
38,1296.262839794159,1107.3179665207863,0.9861137270927429,576.9866089820862,1259.2632377147675,0.9999198913574219
39,1293.764942765236,1107.3972056508064,0.9959361553192139,579.7781758606434,1254.6522288322449,0.9999567270278931
40,1291.330218553543,1106.3235440254211,0.9952800273895264,581.8587862253189,1251.8523318320513,0.999980092048645
41,1287.1727168560028,1100.6565963625908,0.9960811734199524,592.0356819629669,1245.7862944602966,0.9976060390472412
42,1281.4085249900818,1102.9468908309937,0.9963052272796631,604.2983449697495,1241.1242566108704,0.9988600015640259
43,1280.0976893901825,1095.2186653614044,0.9835694432258606,620.3712128996849,1235.7547391951084,0.9998170733451843
44,1278.7943289279938,1106.0085179805756,0.9971101880073547,634.1428240537643,1232.89466547966,0.9980838298797607
45,1276.660790681839,1107.2577924728394,0.9984715580940247,643.5845685601234,1226.1752647161484,0.9995100498199463
46,1274.1633801460266,1106.6288287639618,0.9975177049636841,654.54576587677,1223.1064507961273,0.9995136260986328
47,1271.8917384147644,1106.596787929535,0.9989463686943054,662.1667461395264,1218.6549886465073,0.9998668432235718
48,1270.9771418571472,1106.9761576652527,0.9994565844535828,670.3557522296906,1217.8772127628326,0.9996242523193359
49,1269.9596560001373,1107.6461057662964,0.9995152950286865,676.9095681905746,1211.91096637398,0.9990536570549011
50,1269.3640897274017,1108.8870901465416,0.9994621872901917,684.1066086813807,1210.183895111084,0.9967718720436096
51,1268.4103897213936,1109.3739041090012,0.9991132616996765,688.6250877380371,1207.5343325138092,0.9993360638618469
52,1268.0704695880413,1110.2225182056427,0.9978583455085754,692.9505111575127,1203.7654026448727,0.9999159574508667
53,1267.8844971582294,1109.3688809871674,0.9991268515586853,698.0916178226471,1202.897600889206,0.9995369911193848
54,1267.6969619393349,1109.0871517658234,0.9990750551223755,701.1680734157562,1201.6774711608887,0.9996334314346313
55,1267.6799409091473,1109.121118426323,0.9985089898109436,704.4847769737244,1195.7226951122284,0.9992976188659668
56,1267.6469444930553,1109.7695010900497,0.995667576789856,708.1792614161968,1193.4960515499115,0.9991112351417542
57,1266.5662553310394,1109.7808949947357,0.9990639090538025,711.5595986843109,1190.6149644851685,0.9987105131149292
58,1267.2304908633232,1115.163201212883,0.9995001554489136,720.9150047302246,1187.3406138420105,0.9996788501739502
59,1265.9814479351044,1116.5596440434456,0.9995575547218323,730.9312027692795,1184.5964798927307,0.9983566403388977
60,1265.1250100135803,1118.1028187274933,0.9991969466209412,738.733041882515,1177.4331154823303,0.9994580149650574
61,1265.7034072875977,1118.6226072311401,0.9993608593940735,746.5910936594009,1175.1452345848083,0.9994112253189087
62,1266.7537717819214,1119.1927824020386,0.9991222023963928,755.088376045227,1171.189234137535,0.999936580657959
63,1267.6051605641842,1119.294424533844,0.9993966817855835,760.5231156349182,1170.1631706953049,0.9996167421340942
64,1269.0314373970032,1120.9244782924652,0.9997261166572571,767.7459387779236,1168.5491712093353,0.9949802756309509
65,1269.585508942604,1121.749737739563,0.9997063279151917,772.0524745509028,1163.9041564762592,0.9995684027671814
66,1270.4135615825653,1122.916080236435,0.9994532465934753,776.1413178443909,1161.4412846565247,0.9983539581298828
67,1271.0742492675781,1124.2623474001884,0.9981498718261719,780.4438658058643,1159.4094395637512,0.9988880753517151
68,1271.7307047843933,1125.6057472229004,0.996322512626648,785.9786674976349,1157.8964661359787,0.9999252557754517
69,1271.6468205451965,1123.0382684469223,0.9997628331184387,789.070730805397,1156.294214695692,0.9999312162399292
70,1272.5294036865234,1122.362876534462,0.999541163444519,795.4576261639595,1154.1569089889526,0.9956831932067871
71,1273.492059469223,1124.9064899682999,0.9994425177574158,803.5063508749008,1147.801810130477,0.999164342880249
72,1274.1723014116287,1125.5945397615433,0.9995366334915161,809.5776538848877,1142.6311569213867,0.9979654550552368
73,1275.0255255699158,1125.76231610775,0.9997256398200989,817.5038754940033,1140.050993077457,0.9996656179428101
74,1276.2861405909061,1125.3820598125458,0.999737560749054,822.3419218063354,1140.2461072802544,0.9998315572738647
75,1278.1210873126984,1125.3446888923645,0.9995868802070618,826.5136083364487,1138.249917626381,0.9984886646270752
76,1279.0472266674042,1125.845296740532,0.9994297623634338,832.1410136222839,1133.7394148111343,0.9973763227462769
77,1283.3982473611832,1130.7644346952438,0.999810516834259,835.9992622617865,1134.59263753891,0.9996100068092346
78,1284.5210682153702,1131.2710264325142,0.9998928308486938,838.4655086994171,1132.1316174268723,0.9995775818824768
79,1283.98283473216,1131.0733888149261,0.9998705387115479,842.2927335500717,1128.7484402656555,0.9983999133110046
80,1283.7442534565926,1131.5817623138428,0.9996838569641113,848.4235126972198,1126.8321702480316,0.9998815059661865
81,1282.222479224205,1127.2778820991516,0.9994358420372009,853.591184258461,1125.6143579483032,0.9999673366546631
82,1283.235870063305,1127.5383780002594,0.9995102882385254,857.6404960155487,1123.3084869980812,0.9998352527618408
83,1283.8676634430885,1127.6452178955078,0.9992082715034485,863.5254597663879,1122.2635159492493,0.9998307228088379
84,1285.1144185066223,1128.6490149497986,0.9986869692802429,868.1379317045212,1120.734207868576,0.9999711513519287
85,1287.1386060714722,1134.1172332763672,0.9989895224571228,871.4862506389618,1120.021736383438,0.9998759031295776
86,1287.6638691425323,1134.5370888710022,0.999144434928894,874.1894212961197,1118.632827758789,0.9992490410804749
87,1290.820053935051,1138.7879045009613,0.999002993106842,878.3242828845978,1116.7404718995094,0.9991681575775146
88,1291.0349612236023,1139.9304076433182,0.9992923736572266,881.0988337993622,1115.1944529414177,0.9999840259552002
89,1291.1944000124931,1140.0279719606042,0.9988898634910583,884.1455020010471,1115.3293157219887,0.999975323677063
90,1292.383918106556,1141.986944437027,0.9991499185562134,887.8526546955109,1112.9740772247314,0.9997264742851257
91,1293.2637544870377,1144.4548726081848,0.9992389678955078,892.118210658431,1113.8495383262634,0.9995929598808289
92,1293.4466848373413,1146.2557168006897,0.9982105493545532,897.6814332008362,1110.508308172226,0.9999856948852539
93,1293.9352954626083,1150.6578583717346,0.9979639053344727,900.5926852822304,1110.7009348869324,0.999990701675415
94,1294.7038140296936,1151.0242357254028,0.9977153539657593,902.9027388095856,1110.8250713348389,0.9999682903289795
95,1295.6082439422607,1151.2710332870483,0.9983556866645813,904.8760161399841,1110.344259262085,0.9999217987060547
96,1296.6471590995789,1151.6828684806824,0.9995298385620117,907.2237828969955,1111.4887557029724,0.9999570846557617
97,1297.1359069347382,1152.2410960197449,0.9998574256896973,909.8922272920609,1111.68776512146,0.9999147653579712
98,1297.587123632431,1152.438022851944,0.9999063014984131,912.7915756702423,1109.9636464118958,0.9999819993972778
99,1298.8791691064835,1153.3809351921082,0.9999525547027588,915.2303220629692,1110.0280916690826,0.9999948740005493
100,1299.9164466038346,1154.1960693597794,0.999968409538269,916.224484667182,1113.1090064048767,0.9999692440032959
101,1300.8016784787178,1154.5170862674713,0.9999685287475586,917.3509795665741,1112.642499923706,0.9999452829360962
102,1302.0004403591156,1154.694973707199,0.9999525547027588,918.3084993362427,1112.5060958862305,0.9998989105224609
103,1302.711927652359,1154.863523364067,0.9999550580978394,920.273777961731,1111.2660925388336,0.9997455477714539
104,1303.7906332015991,1156.533161520958,0.9999265670776367,921.2300417423248,1112.2244520187378,0.9995054006576538
105,1304.6538558006287,1157.3275302648544,0.9998219609260559,924.1384869068861,1112.077160835266,0.9997573494911194
106,1305.8909468650818,1159.165922164917,0.9994637370109558,927.088399887085,1110.8357696533203,0.9998972415924072
107,1306.392020702362,1160.8351340293884,0.9994838237762451,929.4998450279236,1110.1007506847382,0.9999773502349854
108,1306.3528332710266,1162.1319054365158,0.9992615580558777,930.8944420814514,1113.3133211135864,0.9999384880065918
109,1306.9981851577759,1163.010595023632,0.9990712404251099,931.8913710042834,1114.963231086731,0.9999364614486694
110,1308.2975580990314,1164.555883705616,0.9978722333908081,932.879115998745,1116.1049053445458,0.999875545501709
111,1308.563552737236,1165.976704955101,0.9975372552871704,934.9614577293396,1113.1157431602478,0.9999303817749023
112,1310.1247034072876,1165.888736128807,0.9959080219268799,936.0418977737427,1113.2272763252258,0.9998821020126343
113,1312.4726126194,1168.837077140808,0.9987422823905945,936.0861468315125,1113.4899406433105,0.9998601675033569
114,1313.6373224258423,1170.2685731649399,0.9994712471961975,936.8541202545166,1114.8502321243286,0.999813973903656
115,1314.6337076425552,1170.6122995615005,0.9996483325958252,937.6846342086792,1115.1716542243958,0.9998815059661865
116,1314.911454796791,1171.059082210064,0.999804675579071,938.3202005624771,1115.4705271720886,0.9999045133590698
117,1314.0601942539215,1169.5779297351837,0.9997716546058655,939.1397176384926,1115.3037462234497,0.9998915195465088
118,1313.9871032238007,1169.7047855854034,0.9996533393859863,940.9598459601402,1114.90665102005,0.9998235106468201
119,1314.4536683559418,1170.9815232753754,0.9997536540031433,942.2701625823975,1114.4132546186447,0.9998263716697693
120,1315.2284700274467,1172.3839617967606,0.9998038411140442,943.481035232544,1114.4974740743637,0.9999537467956543
121,1315.7944619208574,1172.3009257614613,0.9997931122779846,944.5295519828796,1115.3336851596832,0.9999828338623047
122,1316.9501211047173,1173.3417264223099,0.9997865557670593,945.4197702407837,1117.2356774806976,0.9999911785125732
123,1318.3711047172546,1173.7878789901733,0.999622106552124,945.9607048034668,1117.8867040872574,0.999993085861206
124,1319.4364953041077,1174.5558335781097,0.9992940425872803,946.2823357582092,1118.4616339206696,0.9999916553497314
125,1320.3633871078491,1175.788812160492,0.9989134073257446,946.5964089632034,1119.0711901187897,0.9999901056289673
126,1322.6628699302673,1176.653930902481,0.9987959861755371,946.6913387775421,1119.11479139328,0.9999908208847046
127,1325.45423412323,1177.88965010643,0.999165415763855,946.7351732254028,1118.908480644226,0.9999904632568359
128,1326.0662441253662,1178.2309050559998,0.9992879033088684,946.6147714853287,1119.0730242729187,0.9999910593032837
129,1326.5683324337006,1179.7826315909624,0.999594509601593,946.1335762739182,1119.4990203380585,0.999991774559021
130,1326.6760714054108,1180.8435469269753,0.9995644688606262,945.7530806064606,1119.2263956069946,0.9999927282333374
131,1325.8036847114563,1181.5978927612305,0.9993879795074463,945.3772366046906,1118.738830089569,0.9999935626983643
132,1325.8704981803894,1182.664307832718,0.9990523457527161,944.912549495697,1118.5447611808777,0.999993085861206
133,1327.8245968818665,1184.9925973415375,0.9986359477043152,944.0733425617218,1118.7613418102264,0.9999880790710449
134,1324.4697908759117,1181.8617058992386,0.9993765950202942,943.4111618995667,1118.7779760360718,0.9999727010726929
135,1325.7827118635178,1182.1107375621796,0.9989820122718811,943.4929251670837,1118.709979057312,0.999972939491272
136,1328.1165142059326,1184.8299624919891,0.9993197917938232,943.7994809150696,1118.4578914642334,0.9999805688858032
137,1328.6439690589905,1185.549504518509,0.9994902610778809,943.8801789283752,1118.4371559619904,0.9999816417694092
138,1328.733674287796,1186.841521859169,0.9998431205749512,943.6981892585754,1118.2616369724274,0.999980092048645
139,1328.541687488556,1187.9705381486565,0.9997658133506775,943.148934841156,1118.433043718338,0.9999644756317139
140,1328.9757435321808,1188.6178333163261,0.9998942613601685,942.638427734375,1118.6266663074493,0.9999237060546875
141,1329.4378519058228,1189.224592924118,0.9999479055404663,941.958993434906,1117.9328840970993,0.9998505115509033
142,1330.483634352684,1189.9237716197968,0.999937891960144,940.328272819519,1118.41361618042,0.9998383522033691
143,1330.624838590622,1190.6625747680664,0.9999027252197266,938.6284853219986,1118.5714445114136,0.99986732006073
144,1331.5896866321564,1191.3669426441193,0.9998917579650879,937.3351192474365,1118.0721263885498,0.9997684359550476
145,1332.9851451516151,1191.8037252426147,0.9998548030853271,936.4421830177307,1117.6894495487213,0.9998354911804199
146,1333.6008081436157,1193.1945486068726,0.9998098015785217,935.5383682250977,1117.721340894699,0.999919056892395
147,1335.29172873497,1194.6224274635315,0.9997968077659607,934.3031027317047,1117.4635022878647,0.9999557733535767
148,1336.5671186447144,1196.1063590720296,0.9996798038482666,933.25206387043,1117.3844977617264,0.9999698400497437
149,1338.561280965805,1199.9054770469666,0.9994562268257141,931.7581354379654,1117.4637598991394,0.9999831914901733
150,1339.5224706828594,1201.1201100349426,0.9997795224189758,930.6249126195908,1117.2589517831802,0.9999865293502808
151,1340.0015009357594,1201.7063238620758,0.9998409748077393,929.5373606681824,1116.5732315182686,0.9999871253967285
152,1340.4335882663727,1202.1257700920105,0.9998874664306641,928.168886423111,1116.2219192236662,0.9999728202819824
153,1340.178333491087,1202.0194348096848,0.9998700618743896,926.6975283622742,1116.2885906100273,0.9998970031738281
154,1340.1508511155844,1202.0222492218018,0.9998852014541626,925.1746951341629,1117.170740365982,0.9995962977409363
155,1341.0890986919403,1202.6416229009628,0.9999213218688965,923.2316731214523,1117.3996486663818,0.9994712471961975
156,1341.2823507785797,1199.8506202697754,0.9996978044509888,921.6877217292786,1117.6456370353699,0.9993065595626831
157,1340.907996892929,1199.451418876648,0.9994239807128906,920.3350234031677,1117.2806231975555,0.9994351267814636
158,1341.4335355758667,1199.5305762290955,0.9993269443511963,919.7976524829865,1117.5353848934174,0.9995934367179871
159,1341.497885942459,1199.975543498993,0.9993995428085327,918.8634538650513,1118.1684393882751,0.9997065663337708
160,1341.563625216484,1199.9482493400574,0.99947589635849,919.1771469116211,1117.5684356689453,0.9998254179954529
161,1341.349400639534,1199.8209881782532,0.9993859529495239,918.2647168636322,1117.9898686408997,0.999915361404419
162,1341.4014159440994,1200.122260093689,0.9994608759880066,917.2710460424423,1119.7456197738647,0.9999706745147705
163,1342.0729789733887,1200.842456817627,0.9997124075889587,916.1646339893341,1118.7684035301208,0.9999665021896362
164,1342.5126571655273,1201.0076072216034,0.9998001456260681,914.9620358943939,1118.762218952179,0.9999756813049316
165,1342.5510585308075,1201.0202293395996,0.999817430973053,914.1418186426163,1119.8704800605774,0.9999836683273315
166,1342.7757589817047,1201.6793131828308,0.999850869178772,913.2232372760773,1120.4802339076996,0.9999597072601318
167,1342.5723826885223,1201.677842617035,0.999864935874939,912.1548702716827,1120.8450818061829,0.9998471736907959
168,1342.772709608078,1201.6637680530548,0.9998807907104492,911.0129654407501,1121.4322175979614,0.9998615980148315
169,1342.953827381134,1202.0108737945557,0.999879002571106,910.2115173339844,1122.7766956090927,0.9999203681945801
170,1343.4837074279785,1202.565551161766,0.9997974038124084,909.211039185524,1122.933342218399,0.9999212026596069
171,1343.8243989944458,1203.2652755379677,0.999713122844696,908.1321922391653,1123.6429030895233,0.99992835521698
172,1343.9729633331299,1203.266363620758,0.9996817111968994,907.2246212363243,1124.5082488059998,0.9998989105224609
173,1343.6078391075134,1204.6136729121208,0.9997287392616272,906.321501493454,1125.053948521614,0.999834418296814
174,1343.4151802062988,1204.2967519760132,0.9997491240501404,905.2436490058899,1125.4203774929047,0.9997208714485168
175,1343.9973306655884,1205.0421241521835,0.9996615648269653,904.527140378952,1125.361467719078,0.9995586276054382
176,1343.9073162078857,1205.0677168369293,0.999699592590332,904.5699586868286,1123.9890699693933,0.999453604221344
177,1344.8090906143188,1205.3089536428452,0.9995841383934021,904.1683149337769,1123.8420927226543,0.9996324777603149
178,1344.513062953949,1204.8431802988052,0.9996174573898315,903.7097518444061,1124.4781587719917,0.999667763710022
179,1345.7887444496155,1205.7828999757767,0.9996683597564697,903.1993198394775,1125.2238768339157,0.9997723698616028
180,1345.9192805290222,1205.312243103981,0.9996540546417236,902.8260333538055,1125.8398287296295,0.9997250437736511
181,1346.6530245542526,1205.2224041223526,0.9998329877853394,902.6383857727051,1126.2965054512024,0.9995880722999573
182,1346.5239262580872,1204.8906602859497,0.9998784065246582,902.6429483890533,1126.7366025447845,0.9993133544921875
183,1347.2134037613869,1205.7581051588058,0.9995393753051758,902.6686148643494,1126.6790568828583,0.999586284160614
184,1348.1357656419277,1209.9842410087585,0.9993818998336792,902.6137516498566,1126.6021265983582,0.9998038411140442
185,1348.2463025599718,1210.9731814861298,0.9988645315170288,902.6510527133942,1126.6432316303253,0.9998555183410645
186,1348.6968222260475,1210.4139662981033,0.9993935823440552,902.7736418247223,1126.7897562980652,0.999891996383667
187,1348.627791762352,1210.7131317853928,0.9987842440605164,902.768839597702,1126.7522950172424,0.9999303817749023
188,1348.4377222955227,1211.0279943346977,0.9978247880935669,902.6080777645111,1126.9011595249176,0.9999436140060425
189,1348.7615370750427,1210.8453990221024,0.9971889853477478,902.5232915878296,1127.0452854633331,0.9999558925628662
190,1349.5371768474579,1211.131794810295,0.9948069453239441,902.3210628032684,1127.175705909729,0.9999696016311646
191,1347.0050012469292,1206.625595331192,0.9957829713821411,902.0706737041473,1127.273321390152,0.9999740123748779
192,1350.1290311813354,1215.2965698242188,0.9944518208503723,901.9792293310165,1127.1896831989288,0.9999809265136719
193,1345.1889452934265,1205.7435978651047,0.9969877600669861,901.79949426651,1127.2192318439484,0.9999847412109375
194,1346.2648557424545,1206.3793308734894,0.9950636029243469,901.5726367235184,1127.1494851112366,0.9999895095825195
195,1349.1933748722076,1216.836956501007,0.9958689212799072,901.2958812713623,1126.9355187416077,0.999994158744812
196,1349.5209873914719,1216.5414307117462,0.9958938360214233,901.0415561199188,1126.8137686252594,0.9999961853027344
197,1346.771435379982,1206.721675157547,0.9960852861404419,900.8128999471664,1126.6932141780853,0.9999961853027344
198,1347.1109902262688,1206.1114733219147,0.9978431463241577,900.5745284557343,1126.611080646515,0.9999969005584717
199,1349.3234825134277,1216.87087225914,0.9971330165863037,900.3780194818974,1126.4965753555298,0.9999959468841553
200,1349.6510618925095,1217.9766142368317,0.998618483543396,900.2143655717373,1126.6631262302399,0.9999935626983643
201,1350.163607597351,1218.0944973230362,0.9984930753707886,900.0952552184463,1127.1419086456299,0.999988317489624
202,1350.118066072464,1217.1781430244446,0.9981675148010254,899.8570786714554,1127.278431892395,0.9999885559082031
203,1347.9512407779694,1206.6132245063782,0.9992375373840332,899.754634514451,1127.2613246440887,0.9999896287918091
204,1348.3817795813084,1204.1020004674792,0.9999063014984131,899.780158251524,1127.4633646011353,0.999994158744812
205,1349.0323646068573,1202.6332823038101,0.9997476935386658,899.811459094286,1127.9591364860535,0.9999914169311523
206,1349.8759764432907,1203.3428068757057,0.9997050166130066,899.2374568581581,1129.7559373378754,0.9999934434890747
207,1350.2987213134766,1203.6940478384495,0.9997398257255554,899.0144944787025,1129.9993052482605,0.9999940395355225
208,1352.8418843746185,1205.007328748703,0.9997382760047913,898.8410496711731,1130.129810810089,0.9999943971633911
209,1353.278082370758,1205.0314234495163,0.9998277425765991,898.6546434164047,1130.3678637742996,0.9999949932098389
210,1353.5289924144745,1205.4587725400925,0.9997991919517517,898.3859857320786,1130.5045809745789,0.9999947547912598
211,1353.454329252243,1205.9501495361328,0.9996277093887329,897.9678792953491,1130.6736965179443,0.9999949932098389
212,1351.1409323215485,1208.8840856552124,0.9996315240859985,897.7978687286377,1130.9755576848984,0.9999946355819702
213,1351.2802908420563,1209.2965302467346,0.9996391534805298,897.5195715427399,1131.1429399847984,0.9999943971633911
214,1351.6230919361115,1209.4606699943542,0.999618411064148,897.3602573871613,1131.375583767891,0.9999935626983643
215,1351.7199711799622,1209.7196402549744,0.9996471405029297,897.2075471878052,1131.5479770302773,0.9999922513961792
216,1352.0830736160278,1210.2244707345963,0.9996544122695923,896.9269757270813,1131.8030603080988,0.9999908208847046
217,1352.5115375518799,1209.9684882164001,0.9993637204170227,896.8170957565308,1132.2127287983894,0.9999897480010986
218,1352.3637804985046,1210.0785157680511,0.9995189905166626,896.6172008514404,1132.5530591011047,0.9999854564666748
219,1355.060068309307,1208.7521958351135,0.9996311664581299,896.4056603908539,1133.3682109117508,0.999975323677063
220,1352.756890296936,1209.9619357585907,0.9996119141578674,896.2949528694153,1133.4024039506912,0.999972939491272
221,1352.8645849227905,1210.0665701627731,0.9996035695075989,896.9493103027344,1135.7407722473145,0.9999717473983765
222,1355.7117837071419,1208.4581203460693,0.9997147917747498,896.916642665863,1135.8252096176147,0.9999707937240601
223,1356.5297535061836,1208.261752128601,0.9997256398200989,896.989443063736,1135.810842037201,0.9999735355377197
224,1356.591852247715,1208.1389689445496,0.9998036026954651,896.8668012619019,1135.8483924865723,0.9999711513519287
225,1357.07288479805,1208.4045267105103,0.9997263550758362,896.7087714672089,1136.1379323005676,0.9999687671661377
226,1357.0426242351532,1208.0887532234192,0.9997525811195374,896.4928488731384,1136.2342154979706,0.999955415725708
227,1356.9425805211067,1207.9822318553925,0.9998051524162292,896.2661287784576,1136.2287712097168,0.9999569654464722
228,1356.992119193077,1207.9885363578796,0.9997962117195129,896.1054582595825,1136.451586008072,0.9999502897262573
229,1357.2535690069199,1208.1588792800903,0.9998428821563721,894.6947526931763,1137.3869280815125,0.9999499320983887
230,1356.5990496873856,1208.5622000694275,0.9997363686561584,894.4993693828583,1137.4806852340698,0.9999532699584961
231,1356.6992124915123,1208.6967697143555,0.9996778964996338,894.2061359882355,1137.3578295707703,0.9999567270278931
232,1356.255165964365,1209.4113302230835,0.9994195699691772,893.9967843294144,1137.4655964374542,0.9999486207962036
233,1356.808980166912,1209.4206347465515,0.9991534948348999,893.8445205688477,1137.4170181751251,0.9999580383300781
234,1356.7843394875526,1209.5648999214172,0.99910968542099,893.6545983552933,1137.6817846298218,0.9999438524246216
235,1357.5242528915405,1210.967136144638,0.9991037249565125,893.7528510093689,1137.3569481372833,0.9999343156814575
236,1358.0179433822632,1211.0515053868294,0.9990059733390808,893.6949605941772,1137.2002637386322,0.9999198913574219
237,1359.5027780532837,1207.3806145191193,0.999204695224762,893.6506165266037,1136.9786121845245,0.9998918771743774
238,1359.594310283661,1210.3294920921326,0.9994876384735107,893.7857030630112,1136.7130053043365,0.9998656511306763
239,1360.1177401542664,1209.9170217514038,0.9993909597396851,893.6512824296951,1136.8288271427155,0.9998737573623657
240,1360.5772652626038,1210.2604155540466,0.9993942975997925,893.758406996727,1136.2729544639587,0.9998364448547363
241,1360.552476644516,1211.5058982670307,0.9997759461402893,893.6073726415634,1136.2938151359558,0.9998539686203003
242,1360.822697877884,1212.2113178819418,0.9997414946556091,893.5846157073975,1136.2145845890045,0.9998785257339478
243,1360.7348821163177,1213.7918894290924,0.9997490048408508,893.669939160347,1135.859220981598,0.9998366832733154
244,1360.66432762146,1214.2578024864197,0.9997420907020569,894.3128352165222,1133.325327515602,0.9998226761817932
245,1361.6567749977112,1214.5629987716675,0.999894380569458,894.3383960723877,1132.921116054058,0.9997676014900208
246,1363.3564212918282,1215.1029076576233,0.999716579914093,894.2818064689636,1132.648866057396,0.9997900128364563
247,1364.0223033931106,1215.1470086574554,0.9997673630714417,894.3399205207825,1131.5312772989273,0.9998462200164795
248,1364.5123955011368,1215.7292251586914,0.9997298121452332,895.8779096603394,1127.6387567520142,0.9998831748962402
249,1363.2496598362923,1215.398621082306,0.9997351765632629,896.046712398529,1125.3931884765625,0.9999240636825562
250,1363.2727155089378,1215.9310965538025,0.9997970461845398,895.8628845214844,1123.8288951814175,0.9999163150787354
251,1363.8735311627388,1216.3356359004974,0.9996538162231445,894.2803852558136,1124.417921513319,0.9999415874481201
252,1363.7216157615185,1216.9765877723694,0.9998175501823425,897.2962036132812,1117.883612036705,0.9999494552612305
253,1364.6827459335327,1218.0152673721313,0.999849796295166,897.0783257484436,1116.6235491633415,0.9999388456344604
254,1364.4510146975517,1219.388977766037,0.9998524188995361,896.8943493366241,1115.97691388987,0.9999517202377319
255,1362.1324167251587,1221.0929049253464,0.9998985528945923,896.7634546756744,1115.1766868829727,0.9999094009399414
256,1362.658190369606,1222.9198729991913,0.9998331069946289,896.7479872703552,1113.951673746109,0.9998962879180908
257,1361.8806927204132,1222.9809966087341,0.9998582601547241,898.3074712753296,1112.6248483657837,0.9998891353607178
258,1360.785407781601,1225.5642263889313,0.9998825788497925,898.1295621395111,1112.034273147583,0.9999165534973145
259,1361.602343082428,1225.7972164154053,0.9998339414596558,898.1506352424622,1110.9117970466614,0.999930739402771
260,1363.401426076889,1226.4718741178513,0.9998667240142822,897.8324749469757,1110.3573997020721,0.9999058246612549
261,1362.956448674202,1226.9913648366928,0.9998261332511902,897.6525142192841,1110.4168710708618,0.9999376535415649
262,1363.611473172903,1227.009610235691,0.9998296499252319,897.6090450286865,1110.9788057804108,0.9999232292175293
263,1363.7134841680527,1226.4264180660248,0.999903678894043,897.2310309410095,1110.3719923496246,0.999908447265625
264,1364.719182908535,1225.7256362438202,0.9998056292533875,897.1551058292389,1110.8367710113525,0.999906063079834
265,1365.9708589315414,1225.1954979896545,0.9997052550315857,897.1740939617157,1110.555480480194,0.9998979568481445
266,1366.0611498355865,1224.9967947006226,0.9995879530906677,896.833987236023,1110.3387954235077,0.9999037981033325
267,1366.349016904831,1225.559996843338,0.9995507597923279,896.4987363815308,1110.5500264167786,0.9998842477798462
268,1366.8115656375885,1225.8538920879364,0.9994580149650574,896.5898013114929,1110.5214576721191,0.9998536109924316
269,1367.4196848869324,1226.8126974105835,0.999437153339386,896.5965406894684,1110.5619490146637,0.9997683167457581
270,1367.5142889022827,1228.137418717146,0.9990463852882385,896.1258833408356,1111.0417094230652,0.9995450377464294
271,1369.4272112846375,1226.9459983110428,0.9988133907318115,896.1206769943237,1109.3951020240784,0.9999282360076904
272,1372.919552385807,1227.536025673151,0.9989481568336487,895.1792430877686,1110.212962627411,0.9998313188552856
273,1375.7156257629395,1229.31156539917,0.9981470108032227,894.8089790344238,1110.3669738769531,0.9997901320457458
274,1375.734763622284,1231.7636668682098,0.9968464970588684,893.1684012413025,1111.9362337589264,0.9998200535774231
275,1375.8497791290283,1232.440105676651,0.9986587762832642,892.8490968942642,1111.8940646648407,0.9998373985290527
276,1376.3208076953888,1233.6758964061737,0.9982166886329651,893.0331333875656,1111.2720432281494,0.999897837638855
277,1376.651576757431,1235.1674845218658,0.9989018440246582,892.8593891263008,1111.1512756347656,0.99989914894104
278,1377.0282220840454,1236.2786075472832,0.9989835619926453,892.5190118551254,1111.118629693985,0.9999198913574219
279,1377.174983739853,1237.1879774332047,0.9991740584373474,892.2533711194992,1111.0924577713013,0.999915599822998
280,1376.4983525276184,1238.2322299480438,0.998561680316925,892.0042192288674,1110.8062324523926,0.9999018907546997
281,1377.1584649085999,1238.4698152542114,0.9990371465682983,891.6129724383354,1111.2674815654755,0.9999191761016846
282,1378.1884372234344,1239.8768491744995,0.9991815686225891,891.4585750102997,1111.4348313808441,0.999880313873291
283,1378.3994688987732,1240.504698753357,0.9990430474281311,891.3955688476562,1111.108026266098,0.9998774528503418
284,1378.4415205717087,1240.4262871742249,0.9991206526756287,891.0337520241737,1111.481944322586,0.9998430013656616
285,1378.6762498617172,1240.1614542007446,0.9986386895179749,891.0889938473701,1111.5898098945618,0.9998127818107605
286,1377.638168334961,1238.412364244461,0.9989989399909973,890.8545179367065,1111.9701113700867,0.999768078327179
287,1378.4222648143768,1238.1008429527283,0.9991747736930847,890.8221125602722,1112.1639637947083,0.9997380375862122
288,1378.1712609529495,1237.4460010528564,0.9995670914649963,890.5545653104782,1112.6514353752136,0.9996823072433472
289,1378.8335165977478,1237.4099949598312,0.9995027780532837,890.4461736679077,1112.990373134613,0.9996111989021301
290,1378.982045531273,1237.441609621048,0.9990983009338379,888.0868210792542,1114.624583721161,0.9995550513267517
291,1379.1821761727333,1236.9560685157776,0.9993283748626709,888.0885787010193,1114.592429280281,0.9995613694190979
292,1380.0670698732138,1237.1101073026657,0.9994311928749084,888.1547875404358,1114.4399474859238,0.9996942281723022
293,1380.3214395344257,1236.6494769454002,0.9991673231124878,887.7650828361511,1114.8146477937698,0.9997195601463318
294,1380.0680654123425,1236.498275846243,0.9994421601295471,887.6464354991913,1115.2550587058067,0.9997392296791077
295,1380.3795107901096,1236.5334575772285,0.9992990493774414,887.4682772159576,1115.254881978035,0.999821126461029
296,1380.547775387764,1237.2169653177261,0.9994164705276489,887.5406837463379,1115.036706149578,0.9997996687889099
297,1380.6488485336304,1236.7432361245155,0.9995859265327454,887.3342559337616,1115.1152921915054,0.999843955039978
298,1380.0443414971232,1236.9084240794182,0.9991156458854675,887.2515420913696,1115.405790090561,0.9998136162757874
299,1380.2111213207245,1237.715029001236,0.999152660369873,887.2516198158264,1116.4706085920334,0.9998457431793213
300,1379.7749523073435,1238.374237537384,0.9985253214836121,887.1607139110565,1116.6999885439873,0.9998762607574463
301,1381.1645745038986,1240.4870426654816,0.998918890953064,887.2124464511871,1117.677255153656,0.9999246597290039
302,1380.9908380508423,1240.8056876659393,0.9990215301513672,887.1358683109283,1117.4374656677246,0.9999560117721558
303,1381.0458921194077,1241.2563753128052,0.9993626475334167,886.7170042991638,1118.716558456421,0.9999769926071167
304,1380.5293399691582,1241.5654520988464,0.9991926550865173,886.5835180282593,1119.5561780929565,0.9999862909317017
305,1381.062054991722,1241.7012238502502,0.998843789100647,886.3989946842194,1120.0743992328644,0.9999914169311523
306,1382.6054406166077,1241.7044796943665,0.9981198906898499,886.0988485813141,1119.8605046272278,0.999990701675415
307,1383.9653661251068,1242.910242676735,0.9991173148155212,885.8487377166748,1120.110475063324,0.9999905824661255
308,1384.073130607605,1242.8463653326035,0.9991689920425415,885.6212463378906,1120.2895245552063,0.9999924898147583
309,1385.056900024414,1242.8493297100067,0.9985947012901306,885.2747373580933,1120.2217037677765,0.999992847442627
310,1385.588624238968,1243.51160800457,0.9972136616706848,885.0635634660721,1120.4205203056335,0.9999942779541016
311,1386.644330739975,1243.996287761489,0.9974799752235413,884.6047548651695,1120.5417416095734,0.9999945163726807
312,1386.620569229126,1244.7454376220703,0.9942601919174194,884.5750687718391,1120.769607782364,0.9999951124191284
313,1387.5864024460316,1244.4673966169357,0.9955652356147766,884.3890052437782,1120.9201016426086,0.9999960660934448
314,1388.2936072349548,1244.363633096218,0.9948870539665222,883.9722522106022,1120.9225783348083,0.9999951124191284
315,1388.7553137540817,1244.8428757190704,0.9959278702735901,883.4380025267601,1121.414642572403,0.9999947547912598
316,1389.8631402254105,1245.261803984642,0.9936932325363159,883.0619992613792,1122.0436917543411,0.9999943971633911
317,1390.7334246635437,1244.6887757182121,0.989166796207428,882.457177400589,1122.0218023061752,0.999993085861206
318,1392.2776300907135,1246.2242755889893,0.9926776885986328,881.9771773815155,1122.1062701940536,0.9999922513961792
319,1390.9202008247375,1252.4440067708492,0.9934509992599487,881.3229088783264,1121.9593904018402,0.9999860525131226
320,1391.0197067260742,1253.1699905395508,0.9790377616882324,880.3632786273956,1122.4490163326263,0.9999685287475586
321,1393.2986664772034,1253.4143089056015,0.9674850106239319,878.2556834220886,1123.7483117580414,0.9999697208404541
322,1393.07283949852,1252.9710359573364,0.9994930028915405,877.7010778188705,1123.6132259070873,0.9999797344207764
323,1392.7113914489746,1253.7768106460571,0.9998261332511902,876.6463544368744,1125.4602658748627,0.9999793767929077
324,1394.8264297246933,1256.4573221206665,0.9996870756149292,876.1663591116667,1125.0415930747986,0.9999759197235107
325,1394.6186074018478,1258.033520936966,0.9997366070747375,875.7589989900589,1126.016847372055,0.9999706745147705
326,1395.164639532566,1258.5159664154053,0.9996668100357056,874.9921276569366,1127.3276557922363,0.9999549388885498
327,1396.2009158730507,1258.5587754249573,0.999591052532196,873.8372917175293,1129.0805459022522,0.9999139308929443
328,1396.9566583037376,1259.3009113669395,0.9990882873535156,873.2801718711853,1129.3288235664368,0.9998704195022583
329,1398.0297536849976,1259.5472141206264,0.9988569021224976,872.0259490013123,1131.0550138354301,0.9998888969421387
330,1397.132844567299,1255.5960640907288,0.9964544773101807,871.6487922668457,1131.101780474186,0.9999306201934814
331,1402.5180406570435,1262.8083500862122,0.9923140406608582,871.0783019065857,1131.1225163340569,0.9999408721923828
332,1403.4582814574242,1262.7792387008667,0.9899603128433228,870.6459853649139,1131.4413038492203,0.9999474287033081
333,1406.9740409851074,1264.4309289455414,0.9922869205474854,869.9527089595795,1131.1864621043205,0.9999599456787109
334,1407.714180469513,1265.0429453849792,0.9950240254402161,869.5042806863785,1130.6426739692688,0.9999613761901855
335,1408.3741779327393,1266.2849388122559,0.9956749081611633,869.2066237926483,1129.7642154693604,0.9999661445617676
336,1411.8648933023214,1266.1103222370148,0.9675947427749634,868.7130727767944,1129.8172001838684,0.9999756813049316
337,1420.4178195595741,1270.521985054016,0.9209656119346619,868.1672666221857,1129.5654261112213,0.9999730587005615
338,1426.0895943641663,1272.9935302734375,0.9693343639373779,867.5960454046726,1129.6609449386597,0.9999672174453735
339,1428.8238683342934,1273.9369332790375,0.9929637908935547,866.990469455719,1129.7226040363312,0.9999712705612183
340,1431.0902116298676,1274.8850656747818,0.9824591875076294,867.6276800632477,1128.1884927749634,0.9999752044677734
341,1433.3119883537292,1275.9825978279114,0.9839194416999817,867.1094980239868,1127.8545565605164,0.9999803304672241
342,1435.9583584815264,1276.771645963192,0.9727436900138855,866.6953438520432,1127.9154539108276,0.9999767541885376
343,1442.7667239904404,1277.1533464193344,0.9877821803092957,866.0962070226669,1127.812325000763,0.9999796152114868
344,1446.5429019927979,1279.1324880123138,0.9988719820976257,865.6460106372833,1127.9270255565643,0.9999778270721436
345,1447.434009552002,1279.5058090686798,0.9977712631225586,865.2367255687714,1127.6540632247925,0.9999728202819824
346,1451.740884155035,1280.654459953308,0.9889959096908569,864.7014009952545,1126.831213235855,0.999969482421875
347,1456.0701236724854,1281.6204242706299,0.9954207539558411,864.2402498722076,1126.652297258377,0.9999659061431885
348,1457.8581750392914,1281.624332666397,0.9984466433525085,863.6758584976196,1126.6353209018707,0.9999545812606812
349,1459.2268410921097,1281.7243144512177,0.9994018077850342,860.9635517001152,1127.6022856235504,0.9999595880508423
350,1461.526211977005,1282.3242139816284,0.9993602633476257,860.4880867898464,1127.2422649860382,0.999968409538269
351,1463.438987493515,1283.7761218100786,0.9987459182739258,859.8810486868024,1126.459900856018,0.999980092048645
352,1465.7084293365479,1284.0009026782354,0.9986991882324219,859.4979894757271,1125.4029785394669,0.9999831914901733
353,1467.2367647886276,1285.1302052736282,0.9974514842033386,858.9761736392975,1125.288981795311,0.9999836683273315
354,1471.7734560966492,1285.1124459505081,0.9967193007469177,858.2786982059479,1125.2457840442657,0.9999806880950928
355,1472.9974372386932,1285.607320189476,0.997531533241272,857.7091698646545,1124.9001756310463,0.9999803304672241
356,1474.6402974128723,1286.0337183475494,0.9979445338249207,857.0510506629944,1124.9191449284554,0.9999758005142212
357,1476.4438062906265,1286.4872496128082,0.9965121150016785,856.4245400428772,1124.6767587661743,0.9999701976776123
358,1476.704781293869,1287.7980556488037,0.9946689009666443,856.3962082862854,1124.006473605521,0.9999804496765137
359,1477.3471406698227,1288.9158866405487,0.9974028468132019,855.7077722549438,1124.1727095991373,0.9999872446060181
360,1477.3377009630203,1289.8073308467865,0.9982110261917114,855.3545217514038,1123.8683876991272,0.9999927282333374
361,1477.6855133771896,1290.9869163036346,0.9981061220169067,854.9201691150665,1123.8280901312828,0.9999945163726807
362,1478.9364683628082,1292.2482914626598,0.9966777563095093,854.5539126396179,1123.4547907710075,0.9999958276748657
363,1480.9328215122223,1292.2682078182697,0.9909384250640869,854.0909349918365,1123.4978435635567,0.9999967813491821
364,1482.0424164533615,1293.4183379411697,0.9971076846122742,853.7256861925125,1123.2908663749695,0.9999971389770508
365,1482.0289976596832,1294.0623338222504,0.9991098046302795,853.3586246967316,1122.510141968727,0.9999982118606567
366,1482.3871746063232,1294.8106634616852,0.9988577365875244,852.5392395853996,1121.2357602119446,0.9999985694885254
367,1479.3078141212463,1297.568769454956,0.999212384223938,851.7944925129414,1120.4383165836334,0.9999980926513672
368,1479.7750990390778,1300.3663217127323,0.9991115927696228,851.0994738936424,1120.8437156677246,0.9999969005584717
369,1481.6985702514648,1299.8677288293839,0.999045193195343,850.5177965164185,1120.6090805530548,0.9999945163726807
370,1482.863229393959,1301.5867105722427,0.9979196190834045,850.1827690601349,1120.8112466335297,0.9999922513961792
371,1483.3308403491974,1302.729663848877,0.9965483546257019,849.7866866588593,1120.4525427818298,0.999984860420227
372,1484.1457860022783,1303.04243516922,0.9890429377555847,849.4428672790527,1120.5891406536102,0.9999804496765137
373,1479.8416228294373,1308.3293574154377,0.986520528793335,849.3250272274017,1120.9099612236023,0.9999790191650391
374,1482.3479573726654,1306.8417872190475,0.9831342697143555,849.2349972724915,1121.012093782425,0.9999779462814331
375,1483.020753800869,1306.789965748787,0.9825981855392456,849.2873215675354,1120.7508494853973,0.9999731779098511
376,1488.135880947113,1301.9349890947342,0.9715221524238586,849.4986679553986,1120.9220747947693,0.9999762773513794
377,1488.3328902721405,1301.7896047830582,0.9570344686508179,849.6379060745239,1120.9836885929108,0.9999791383743286
378,1488.7448999881744,1301.4227212667465,0.9714088439941406,849.7736613750458,1120.9442598819733,0.9999796152114868
379,1489.2210540771484,1301.645913362503,0.9701846241950989,849.8529405593872,1121.165272474289,0.999981164932251
380,1488.339902639389,1300.7928576469421,0.9233877062797546,850.0395010709763,1120.9664912223816,0.9999784231185913
381,1478.6727838516235,1308.0036988002248,0.9854018688201904,850.2886197566986,1120.564294576645,0.9999744892120361
382,1478.859857082367,1308.6354927420616,0.9914509654045105,850.4061939716339,1120.5656743049622,0.999976634979248
383,1481.5037741661072,1307.4968159794807,0.9852661490440369,850.7686630487442,1120.7583208084106,0.9999818801879883
384,1479.2233119010925,1308.5396616458893,0.9572453498840332,851.0130531787872,1121.200917005539,0.9999866485595703
385,1491.924099624157,1300.8068334460258,0.8158606886863708,851.2405315637589,1121.0546712875366,0.9999861717224121
386,1500.5910493135452,1291.6117941141129,0.52631014585495,851.5427036583424,1121.2864220142365,0.9999861717224121
387,1511.9652771949768,1278.9999339580536,0.8127935528755188,851.8430922031403,1120.8421740531921,0.9999845027923584
388,1514.7805243730545,1277.215735912323,0.8741437792778015,852.0959756448865,1121.2196052074432,0.9999892711639404
389,1517.917811870575,1270.0694327354431,0.8793305158615112,852.4497377574444,1121.3480846881866,0.9999887943267822
390,1519.5829048156738,1267.3619610667229,0.6297372579574585,852.7075202465057,1121.227906703949,0.9999889135360718
391,1521.3208558559418,1268.176558315754,0.7787386178970337,852.8419526815414,1121.0410726070404,0.9999862909317017
392,1528.799661397934,1253.1319712400436,0.936951756477356,853.1707894802094,1120.654307603836,0.9999812841415405
393,1530.5261301994324,1252.346782386303,0.9575286507606506,853.3671650886536,1120.7871208190918,0.9999797344207764
394,1532.2372742593288,1251.8794945180416,0.9730495810508728,853.5342481136322,1120.6443123817444,0.9999794960021973
395,1532.5944647192955,1251.3448429703712,0.9143957495689392,853.6824811697006,1120.541940689087,0.9999758005142212
396,1537.9561386108398,1235.900399044156,0.9856890439987183,853.7314002513885,1120.1918652057648,0.9999707937240601
397,1539.3826026320457,1235.7194458544254,0.9817847013473511,853.7711397409439,1120.0272607803345,0.9999761581420898
398,1540.2258551120758,1234.5487570762634,0.9682181477546692,853.9439076185226,1119.8187670707703,0.999971866607666
399,1546.5427644252777,1221.950499176979,0.9892908930778503,854.1046574115753,1119.476267337799,0.9999651908874512
400,1548.580281674862,1220.919607579708,0.9962323307991028,854.0246999263763,1119.728473186493,0.9999725818634033
401,1549.5069274902344,1220.3716267049313,0.9965276122093201,854.1032605171204,1119.278305053711,0.9999691247940063
402,1550.382078886032,1219.3774720430374,0.9872472286224365,853.5896332263947,1118.3121132850647,0.9999655485153198
403,1550.166959285736,1218.7002577781677,0.9695810675621033,853.7029501199722,1118.2599799633026,0.9999669790267944
404,1553.20640873909,1206.3150775432587,0.8540154695510864,854.1054019927979,1119.0331492424011,0.9999673366546631
405,1553.6440460681915,1206.764946937561,0.8877918720245361,853.5678869485855,1118.450495481491,0.9999710321426392
406,1554.2715264558792,1205.819560289383,0.968782901763916,853.967523097992,1119.0303349494934,0.9999687671661377
407,1555.5575813055038,1206.021995306015,0.986973762512207,853.483724117279,1118.214283466339,0.9999773502349854
408,1556.8246886134148,1205.1686143875122,0.9702745079994202,853.8593635559082,1119.0755186080933,0.999974250793457
409,1557.3009966611862,1204.6511586904526,0.9276528358459473,853.3900709152222,1118.0160467624664,0.9999780654907227
410,1557.7885813713074,1203.8482963591814,0.9052006006240845,853.1166017055511,1118.2010045051575,0.9999797344207764
411,1561.7561299800873,1201.8444650173187,0.908802330493927,853.0486100912094,1118.0874121189117,0.999981164932251
412,1563.90401738137,1196.6244804263115,0.9198520183563232,852.9562556147575,1118.3263230323792,0.9999827146530151
413,1564.6973115205765,1196.683215200901,0.9480523467063904,852.9076429605484,1118.193757534027,0.9999856948852539
414,1564.7624024152756,1196.7819212079048,0.9100770354270935,852.6219062209129,1118.2419428825378,0.9999873638153076
415,1564.8440197706223,1197.9426223039627,0.8996560573577881,852.3565663099289,1118.038953781128,0.9999873638153076
416,1564.7597733139992,1197.7108191251755,0.8874095678329468,852.2430462539196,1118.0373811721802,0.9999886751174927
417,1565.366594195366,1197.4269086122513,0.7748913764953613,851.9936650274321,1118.113079071045,0.9999895095825195
418,1565.7210943698883,1196.7673901319504,0.8235713839530945,851.773206397891,1118.063553571701,0.9999901056289673
419,1565.8206782341003,1196.5329384207726,0.7623415589332581,851.579641520977,1117.9297600984573,0.9999916553497314
420,1567.9304625988007,1190.36181640625,0.6337319016456604,851.4768874645233,1117.8749519586563,0.9999916553497314
421,1568.3106098175049,1190.2544226646423,0.6751498579978943,851.2347479462624,1118.0023424625397,0.9999914169311523
422,1568.5963778495789,1190.1164298057556,0.5472604632377625,851.1280888319016,1117.813464641571,0.9999922513961792
423,1579.0527161359787,1150.5891346931458,0.7405991554260254,850.9879384040833,1117.8789367675781,0.9999932050704956
424,1579.3115792274475,1150.5486538410187,0.5816936492919922,850.7972440719604,1117.8578898906708,0.999992847442627
425,1568.4974689483643,1190.337281703949,0.7755139470100403,850.6957739591599,1117.8838984966278,0.9999920129776001
426,1569.7658383846283,1190.564549446106,0.9583667516708374,850.5928860902786,1118.0238583087921,0.9999926090240479
427,1570.6316357851028,1190.9602131843567,0.9743203520774841,850.4942194223404,1117.9512100219727,0.999993085861206
428,1573.067104935646,1195.7305993139744,0.9680036306381226,850.2317465543747,1118.1468336582184,0.9999915361404419
429,1573.788379907608,1195.451940715313,0.954731285572052,850.1235910654068,1118.1630396842957,0.9999912977218628
430,1574.2903907299042,1195.4517795443535,0.9644668698310852,850.0337728261948,1118.0171604156494,0.9999912977218628
431,1574.5713171958923,1195.9208564311266,0.9512372016906738,849.8207764625549,1118.0735008716583,0.9999898672103882
432,1574.6768341064453,1195.9193821847439,0.938330888748169,849.6240248680115,1118.0224261283875,0.9999889135360718
433,1577.5089449882507,1196.771813094616,0.943838894367218,849.5794396400452,1117.8714380264282,0.9999891519546509
434,1578.4107415676117,1197.2414112091064,0.9305143356323242,849.3796510696411,1118.0510168075562,0.999988317489624
435,1579.1437827944756,1197.4452323913574,0.86849045753479,849.1679983139038,1117.8260148763657,0.9999849796295166
436,1578.8759585618973,1201.3225519657135,0.7890806198120117,849.8874015808105,1119.3831028938293,0.9999843835830688
437,1579.8192139714956,1191.3124175071716,0.9229718446731567,849.8446562290192,1119.3908138275146,0.9999845027923584
438,1580.3860158622265,1191.564353466034,0.981908917427063,849.5793361663818,1119.358817100525,0.9999805688858032
439,1580.9071202278137,1200.412397146225,0.9887120723724365,849.5355379581451,1119.7067985534668,0.9999845027923584
440,1580.955756366253,1201.1768565177917,0.9923657774925232,849.2247064113617,1119.8449120521545,0.9999799728393555
441,1581.6236464977264,1201.8467752933502,0.9938730001449585,849.2249636650085,1119.6681199073792,0.9999786615371704
442,1581.6370668411255,1202.509075164795,0.9943873286247253,848.9189655780792,1119.815167427063,0.9999711513519287
443,1581.969590306282,1202.535011291504,0.9934964179992676,848.7020177841187,1119.8537645339966,0.9999653100967407
444,1582.4110398292542,1202.8691036701202,0.9889172315597534,848.5735902786255,1119.895746231079,0.999962329864502
445,1583.3560297489166,1202.3685684204102,0.9787207841873169,848.4562578201294,1119.9994673728943,0.9999635219573975
446,1583.941437959671,1202.05783867836,0.9854416847229004,848.1055676937103,1120.125188112259,0.999953031539917
447,1584.361906528473,1202.2314279079437,0.9845799207687378,848.0083920955658,1120.1490976810455,0.9999470710754395
448,1585.1629219055176,1201.8613231182098,0.9794610738754272,847.4721186161041,1120.0951430797577,0.9999486207962036
449,1583.2562899589539,1199.4156126976013,0.9817107319831848,847.3244280815125,1120.0207891464233,0.9999496936798096
450,1583.7526831626892,1199.2705383300781,0.9823601245880127,847.1762011051178,1119.9361386299133,0.9999525547027588
451,1586.7430101633072,1196.6193270087242,0.9863303899765015,847.0154418945312,1119.6799011230469,0.9999490976333618
452,1587.6283379495144,1196.2333766072989,0.9886245727539062,846.8592758178711,1119.6523704528809,0.9999409914016724
453,1588.2131069153547,1196.5517492890358,0.9850627183914185,846.7065751552582,1119.9351077079773,0.9999531507492065
454,1587.5233598649502,1199.4015216827393,0.9531012177467346,846.7077438831329,1119.689127922058,0.9999439716339111
455,1589.7223155498505,1197.3675442934036,0.9346161484718323,846.4741208553314,1119.7042479515076,0.9999473094940186
456,1595.056371152401,1197.5713136196136,0.9251258373260498,846.5469887256622,1119.7593488693237,0.999950647354126
457,1595.9631217606366,1197.133849620819,0.9503005743026733,846.5056462287903,1119.7968664169312,0.9999496936798096
458,1596.3099012374878,1190.7641553878784,0.9619256258010864,846.3849122524261,1119.6793413162231,0.9999499320983887
459,1596.478554904461,1190.5045728683472,0.9862798452377319,846.3306374549866,1119.8251156806946,0.9999525547027588
460,1597.2075456380844,1190.109744310379,0.9927404522895813,846.2224853038788,1119.6782460212708,0.9999505281448364
461,1597.723355293274,1189.5720854997635,0.9949883818626404,846.1937420368195,1119.5404896736145,0.9999423027038574
462,1598.8831737041473,1189.5131459236145,0.9909268617630005,845.989063501358,1119.4113965034485,0.9999394416809082
463,1599.4805300235748,1189.2368243932724,0.9913278222084045,846.0790660381317,1119.3306293487549,0.9999383687973022
464,1602.011347770691,1189.2168239355087,0.8364416360855103,846.15394115448,1119.6053581237793,0.9999474287033081
465,1602.5842316150665,1186.6869695186615,0.5453019142150879,845.9624762535095,1119.4139165878296,0.9999401569366455
466,1604.371680676937,1187.0165266990662,0.5671924352645874,845.9967105388641,1119.2156920433044,0.9999271631240845
467,1606.1910257339478,1187.301151394844,0.5721009373664856,845.9123516082764,1119.1895446777344,0.9999278783798218
468,1612.9100234508514,1186.9886144399643,0.8978866934776306,845.7820738554001,1119.1977734565735,0.9999216794967651
469,1613.2364031076431,1186.8423919677734,0.9823911786079407,845.7185362577438,1119.2092714309692,0.99991774559021
470,1613.4388279914856,1187.0979766845703,0.993094801902771,845.8272821903229,1119.2137742042542,0.9999104738235474
471,1613.529951453209,1187.5271072387695,0.9928008317947388,845.7106966972351,1119.2735843658447,0.9998974800109863
472,1613.3949708938599,1187.0249242782593,0.9953778982162476,845.6980197429657,1119.0719599723816,0.9998564720153809
