scorer,DeepCut_resnet50_hydratrackingMar12shuffle1_30000,DeepCut_resnet50_hydratrackingMar12shuffle1_30000,DeepCut_resnet50_hydratrackingMar12shuffle1_30000,DeepCut_resnet50_hydratrackingMar12shuffle1_30000,DeepCut_resnet50_hydratrackingMar12shuffle1_30000,DeepCut_resnet50_hydratrackingMar12shuffle1_30000
bodyparts,hypostone,hypostone,hypostone,peduncle,peduncle,peduncle
coords,x,y,likelihood,x,y,likelihood
0,736.6102826595306,728.6319591999054,0.9991956353187561,479.61706256866455,488.4548029899597,0.9991700649261475
1,736.5973539352417,728.6829581260681,0.9993390440940857,480.5318353176117,488.49978828430176,0.9992634654045105
2,737.0992529392242,728.7529475688934,0.9993178844451904,480.50491738319397,487.70547747612,0.9995446801185608
3,737.2237772941589,728.9922444820404,0.9993112087249756,479.8628306388855,487.6422047615051,0.9996157884597778
4,737.218665599823,729.0338201522827,0.999383807182312,480.7034456729889,486.41680097579956,0.9997739195823669
5,737.3300421237946,730.0544097423553,0.9993983507156372,481.08291935920715,485.64651095867157,0.9998294115066528
6,737.5217483043671,730.69218313694,0.9994034767150879,480.69924211502075,485.36166036129,0.9998582601547241
7,738.4004222154617,731.0439983606339,0.9995255470275879,481.3930764198303,484.69183468818665,0.9998655319213867
8,738.3129206895828,732.0037467221264,0.9994646906852722,482.30443501472473,482.635614156723,0.9998574256896973
9,738.1872372627258,731.1210765838623,0.9996509552001953,483.64373248815536,481.48499059677124,0.9998534917831421
10,738.8547474145889,732.1338362693787,0.9997974038124084,483.3941416144371,480.83365845680237,0.9998561143875122
11,740.0104081509635,733.0003347396851,0.9998793601989746,482.8952980041504,481.03956365585327,0.9999099969863892
12,741.2177457809448,733.7049984931946,0.9999022483825684,483.77235259115696,479.96862030029297,0.9998838901519775
13,742.5804359912872,734.8698015213013,0.9999042749404907,483.01993572711945,480.13511896133423,0.9998914003372192
14,743.6200165748596,736.0246379375458,0.9998807907104492,482.1592699289322,479.7911558151245,0.99988853931427
15,744.7261185646057,737.4297051429749,0.9998165965080261,482.2212964296341,479.503719329834,0.999852180480957
16,745.6940908432007,738.1752054691315,0.9996793270111084,481.032674074173,479.83450174331665,0.9998949766159058
17,746.4671877622604,738.9423385858536,0.9996209144592285,480.8259630203247,479.56584119796753,0.999894380569458
18,747.9532243348658,740.2882573604584,0.9995201826095581,481.04732608795166,479.23555994033813,0.9998750686645508
19,750.0337014198303,741.007025718689,0.999561607837677,479.16995191574097,479.726459980011,0.9998487234115601
20,752.4107165336609,742.1118631362915,0.9996569156646729,479.27889823913574,479.25129652023315,0.9998055100440979
21,753.7547791004181,744.7353014945984,0.9995962977409363,478.61992168426514,479.4064292907715,0.9997794032096863
22,755.7089895308018,746.2030447721481,0.9995593428611755,477.9225387573242,479.3950762748718,0.9996696710586548
23,757.1300220489502,747.0771315097809,0.999381422996521,477.85880279541016,478.7460813522339,0.9996685981750488
24,758.6088533401489,747.0789251327515,0.9996569156646729,477.5936245918274,478.3492970466614,0.9995821118354797
25,760.3605642318726,747.7282018661499,0.9994745850563049,478.040020942688,478.4537477493286,0.9996154308319092
26,762.0301365852356,749.0301265716553,0.9993094205856323,477.2867751121521,478.4287214279175,0.9995978474617004
27,763.7708384096622,749.7140989303589,0.9993446469306946,477.0702328681946,477.9575653076172,0.9995239973068237
28,764.8928465843201,750.7631998062134,0.9992928504943848,476.83650255203247,477.8102641105652,0.9993952512741089
29,766.8813457489014,750.5669636726379,0.9997187256813049,477.25751543045044,476.5207574367523,0.999275267124176
30,768.2289264202118,752.1497550010681,0.9998703002929688,476.8155245780945,476.50448101758957,0.9993089437484741
31,770.6331651210785,752.5597565174103,0.9999281167984009,476.4627676010132,476.546036362648,0.9989473223686218
32,772.6467080712318,753.2695693969727,0.9999282360076904,476.37982654571533,476.3399788439274,0.9991481304168701
33,773.8152556419373,754.6535753011703,0.9998677968978882,476.66297817230225,477.2351279258728,0.9988508224487305
34,776.3300213813782,755.9022627845407,0.9996387958526611,476.4502878189087,475.7698456943035,0.9991908669471741
35,777.3803522586823,757.1498291492462,0.999409556388855,475.8405284881592,475.6338826417923,0.9988699555397034
36,779.0819588899612,758.2506167888641,0.9991507530212402,475.548056602478,475.71830570697784,0.998755693435669
37,780.6287654042244,759.1365549564362,0.9987164735794067,475.48226499557495,476.74052143096924,0.9987019300460815
38,783.4578533172607,761.2232942581177,0.9993222951889038,476.3115873038769,476.1898407936096,0.9985217452049255
39,784.4214625358582,762.1993554830551,0.9993114471435547,475.0813761949539,476.40031147003174,0.9983538389205933
40,786.2131162881851,763.3947128653526,0.9994007349014282,475.5651922225952,474.81168270111084,0.9987939596176147
41,787.4917223453522,761.9552659988403,0.9994237422943115,474.6045414209366,475.94729804992676,0.9982022047042847
42,788.446780860424,762.5025596618652,0.9996060729026794,475.1367103457451,475.67664909362793,0.9981440305709839
43,790.18195104599,763.5565547943115,0.9997060894966125,474.62926185131073,475.65745544433594,0.9977501034736633
44,791.69509100914,764.7753748893738,0.999683141708374,473.6411907672882,475.72124004364014,0.997448742389679
45,793.2938389778137,765.9368534088135,0.9996441602706909,474.8076548576355,474.8699712753296,0.9971750974655151
46,794.167914390564,767.3454461097717,0.9995576739311218,474.2544890642166,475.1605501174927,0.9969741106033325
47,795.8720854818821,768.0070140361786,0.9995798468589783,474.64158153533936,474.5961207151413,0.9972777962684631
48,797.5677495002747,768.4207715988159,0.9996199607849121,474.5440192222595,474.4812788963318,0.9978761672973633
49,798.6501274108887,769.1177673339844,0.9998002648353577,474.4946508407593,474.3473654985428,0.9978784322738647
50,800.334992647171,769.9083578586578,0.9998658895492554,473.7679386138916,474.7748974561691,0.9983788728713989
51,801.8156571388245,770.5542726516724,0.9998964071273804,474.1691174507141,474.09543240070343,0.9979121088981628
52,803.4653740525246,771.2603508234024,0.9998825788497925,473.76428031921387,474.10009765625,0.9982960820198059
53,804.7979162931442,772.0729118213058,0.9998328685760498,473.6485776901245,474.03131091594696,0.9983580708503723
54,806.2813458442688,772.1833442747593,0.9997567534446716,473.359694480896,474.26784336566925,0.9986341595649719
55,807.4899115562439,772.5491436123848,0.9996205568313599,473.4069724082947,473.63380670547485,0.9985176920890808
56,808.8161289691925,774.2477595806122,0.9991902709007263,473.69194889068604,473.53794264793396,0.9983537197113037
57,810.5762135982513,774.229070186615,0.9993440508842468,473.72225046157837,473.2002065181732,0.9982419013977051
58,811.7907768934965,774.7672147750854,0.9990708827972412,473.7274537086487,473.23365211486816,0.9984104633331299
59,813.7005004882812,776.9596252441406,0.9988765120506287,473.4407525062561,472.97900438308716,0.9984375834465027
60,815.1541256904602,778.2029377222061,0.9992165565490723,473.3772144317627,472.86500692367554,0.9985625147819519
61,815.7614440917969,779.2571076154709,0.9991870522499084,472.0955476760864,473.5606760978699,0.9990460276603699
62,815.5911083221436,778.9939069747925,0.99931800365448,472.40475606918335,473.4618487358093,0.9986478686332703
63,817.0571625232697,779.3445091247559,0.9995970129966736,472.2150583267212,473.032124042511,0.9989739656448364
64,818.0648928880692,779.7514228820801,0.9997478127479553,471.4630854129791,473.2659773826599,0.9990953207015991
65,818.9816335439682,779.9254159927368,0.9997830986976624,471.4348351955414,473.0026969909668,0.9991633892059326
66,820.2657952308655,780.8579487800598,0.9998151659965515,471.91154074668884,472.66736364364624,0.9992634654045105
67,820.4277600944042,781.1629943847656,0.9998231530189514,471.16263127326965,472.51351261138916,0.9993171691894531
68,821.5467450618744,781.9679942131042,0.9998257756233215,471.6707351207733,471.87460708618164,0.9994639754295349
69,822.7632970809937,782.3794183731079,0.9997856020927429,472.9338526725769,470.9660267829895,0.9993725419044495
70,823.6966779232025,782.6672658920288,0.9997051358222961,472.2073736190796,470.9311809539795,0.9995256662368774
71,824.8769960403442,783.0291419029236,0.999539852142334,472.72740030288696,470.3412401676178,0.9994737505912781
72,826.9656324386597,783.5560278892517,0.9995905756950378,472.2600407600403,470.52293252944946,0.9995049238204956
73,827.7921754568815,784.146057844162,0.9996286630630493,472.0468153953552,469.95471572875977,0.9995915293693542
74,828.3804925382137,784.3107807636261,0.9995498061180115,471.769642829895,469.92469680309296,0.9996193647384644
75,829.7967925071716,785.2707324028015,0.9996284246444702,472.3242154121399,469.3645626306534,0.9996335506439209
76,830.6977944374084,784.9675960540771,0.9997333884239197,472.4231176376343,468.751517534256,0.9996209144592285
77,831.8164215087891,785.220269203186,0.9998050332069397,472.1741099357605,468.65552645921707,0.9996671676635742
78,832.9902920722961,784.8978500366211,0.9998425245285034,472.9077739715576,468.21690379083157,0.9995554089546204
79,833.9822566509247,785.6859369277954,0.9998496770858765,472.8924388885498,468.05178862810135,0.9996283054351807
80,835.5381832122803,785.5212693214417,0.9998576641082764,471.24664282798767,468.14550010859966,0.9997889399528503
81,836.8743830323219,785.5624194145203,0.9998458623886108,470.31223702430725,467.9546322003007,0.9998303651809692
82,838.6088416576385,785.5279347896576,0.9998538494110107,470.1079797744751,467.93746124207973,0.9998451471328735
83,840.5916957855225,785.4644196033478,0.9997814297676086,471.013863325119,467.5320364534855,0.999841570854187
84,841.2988538742065,785.1672604084015,0.9997478127479553,470.2154185771942,467.59382581710815,0.9998410940170288
85,841.1856665611267,784.7468943595886,0.9996401071548462,469.980361700058,467.3561047911644,0.9998582601547241
86,841.9202075004578,784.2911763191223,0.9996077418327332,469.05571389198303,467.86082634329796,0.9998787641525269
87,842.6711980104446,783.7597074508667,0.999599039554596,469.28762102127075,467.5205356478691,0.9998922348022461
88,843.5809151530266,783.4067029953003,0.9995970129966736,469.0805879831314,467.5747130513191,0.9998500347137451
89,843.9028607830405,783.6934509277344,0.9995642304420471,468.4239990711212,467.3624392747879,0.9998729228973389
90,844.710626244545,784.0269687175751,0.9995834231376648,467.6301893889904,467.76594500243664,0.9998664855957031
91,845.5623500347137,783.6714549064636,0.9995296001434326,467.62892362475395,467.64436039328575,0.9998540878295898
92,845.7613632678986,783.6808066368103,0.9995338916778564,466.4128649234772,468.32243025302887,0.9998356103897095
93,845.8379077911377,783.1109881401062,0.9995914101600647,467.18999725580215,467.7250386476517,0.9998526573181152
94,845.969247341156,783.2884664535522,0.9995852112770081,466.7626881599426,467.99775550863706,0.9998376369476318
95,846.1486263275146,783.1916856765747,0.9996367692947388,467.1439789533615,467.55355644226074,0.9998574256896973
96,846.4405336380005,783.6152997016907,0.9997127652168274,466.51751029491425,467.6468530893326,0.9998533725738525
97,846.6351089477539,783.7602310180664,0.9997300505638123,467.8544406592846,466.8920602798462,0.9998624324798584
98,846.4195218086243,784.4041261672974,0.9997561573982239,466.98684000968933,467.0970017313957,0.9998446702957153
99,846.3724370002747,785.1600425243378,0.9997506737709045,466.5391125679016,467.21672958135605,0.9998691082000732
100,845.9691739082336,786.2452709674835,0.9996163845062256,466.67162251472473,467.1413823366165,0.9998576641082764
101,846.5381073951721,786.028315782547,0.9997242093086243,466.3805983066559,467.1206460595131,0.9998644590377808
102,846.6658902168274,785.8644921779633,0.9997320771217346,466.9178578853607,467.0126107931137,0.9998786449432373
103,847.3833918571472,785.6535711288452,0.9998010993003845,466.93331360816956,466.63722681999207,0.9998779296875
104,847.2661900520325,785.1567585468292,0.9997978806495667,466.84181797504425,466.47492229938507,0.9998689889907837
105,847.5945496559143,784.6425178050995,0.9997970461845398,468.4027203321457,466.09282433986664,0.9998857975006104
106,848.0952579975128,784.3552136421204,0.9998364448547363,467.3446829319,466.2939270734787,0.9998860359191895
107,848.7010281085968,784.5756204128265,0.9998586177825928,468.3419118523598,465.7423143386841,0.9998582601547241
108,849.0615124702454,783.8879046440125,0.9998501539230347,468.2899767756462,465.57813715934753,0.999872088432312
109,849.8397974967957,784.0977296829224,0.9998780488967896,467.9474094696343,465.8814392089844,0.9998763799667358
110,850.2050440311432,783.6941065788269,0.9998836517333984,468.2387748211622,465.5928134918213,0.9998773336410522
111,850.2673778533936,783.2507200241089,0.9998836517333984,468.55669766664505,465.2978138923645,0.9998588562011719
112,850.6392267942429,783.4336919784546,0.9998947381973267,468.0801512300968,465.6272110939026,0.9998822212219238
113,850.805004119873,783.6343441009521,0.9998968839645386,468.0213815700263,465.41183519363403,0.999879002571106
114,851.1748105883598,782.7323875427246,0.9998741149902344,468.6323943734169,465.1601333618164,0.9998600482940674
115,851.8371883034706,782.8472681045532,0.9998694658279419,468.46087315678596,464.91779088974,0.9998486042022705
116,851.7012578248978,782.7905025482178,0.9998804330825806,468.5554546713829,464.76952958106995,0.9998511075973511
117,852.7571986913681,782.5100326538086,0.9998337030410767,468.4858843386173,464.6948661804199,0.9998422861099243
118,853.2295852899551,783.0906043052673,0.9998551607131958,467.8097890615463,464.7809669971466,0.9998539686203003
119,853.6789878606796,782.8484711647034,0.9998152852058411,468.0496467575431,464.6293568611145,0.9998711347579956
120,854.3998701572418,782.725546836853,0.9997498393058777,467.88144182413816,464.2451059818268,0.9998637437820435
121,854.4040374755859,782.4036340713501,0.999772846698761,467.2719408273697,464.292601108551,0.9998482465744019
122,855.1980447769165,782.9195780754089,0.9997237324714661,467.08844488859177,464.24230194091797,0.9998192191123962
123,855.1635687351227,782.2349987030029,0.9996585845947266,466.7556071281433,463.30580139160156,0.9997491240501404
124,855.8467085361481,783.0234141349792,0.9996548891067505,466.3754280805588,463.1096234321594,0.9996886253356934
125,856.0553154945374,782.8145627975464,0.9995961785316467,466.8793865442276,462.5945496559143,0.9996395111083984
126,855.8634276390076,782.5957341194153,0.9996009469032288,466.46627855300903,462.4293489456177,0.9993190765380859
127,857.1142592430115,782.9818034172058,0.999383807182312,465.91248059272766,462.22067737579346,0.9990127086639404
128,854.6802680492401,779.9382886886597,0.9993484616279602,467.9770879596472,460.76478385925293,0.9997114539146423
129,846.6026320457458,773.3236306905746,0.9996472597122192,469.44903087615967,463.1041259765625,0.9998921155929565
130,837.2713547945023,767.9945583343506,0.9998965263366699,471.3660526275635,466.18854320049286,0.9998562335968018
131,823.7054362297058,760.5721957683563,0.9991769194602966,473.94734501838684,473.381498336792,0.9992851614952087
132,810.1760332584381,752.6141965389252,0.9996616840362549,475.6072182357311,476.6783471107483,0.9991158843040466
133,796.9062237739563,744.7409155368805,0.9991494417190552,475.91315269470215,483.43458104133606,0.9997227787971497
134,783.1409449577332,737.101401090622,0.9998648166656494,478.9668164253235,488.0482006072998,0.9997374415397644
135,771.8758265376091,732.4342522621155,0.9998730421066284,481.88080286979675,491.8620545119047,0.9996763467788696
136,762.3067274093628,730.314962387085,0.9978010058403015,484.2208271473646,494.1459012031555,0.9998844861984253
137,755.3150401711464,727.7895956039429,0.9997103810310364,485.19863629341125,497.2106568813324,0.9999377727508545
138,747.8003054261208,725.1437854766846,0.9994446635246277,486.3450107574463,500.3251323103905,0.9998465776443481
139,742.7344193458557,724.3374057710171,0.9997395873069763,488.9867305755615,502.5900413990021,0.99962317943573
140,738.2037525177002,722.9465512037277,0.9999091625213623,489.2705535888672,503.8969871997833,0.9992203712463379
141,733.9604907035828,722.1386920213699,0.9997323155403137,491.8617582023144,503.6188340187073,0.999481737613678
142,729.9402024745941,721.1256265640259,0.9996236562728882,492.2312622964382,504.3613862991333,0.9993378520011902
143,727.3659312725067,720.2267389297485,0.999879002571106,492.3234158754349,505.6924066543579,0.99912029504776
144,724.2393275946379,719.3920450210571,0.9999276399612427,491.41139698028564,507.1115655899048,0.9983569979667664
145,721.6225821971893,719.2880630493164,0.9998742341995239,491.9189582914114,507.47640228271484,0.9983022212982178
146,718.5745725631714,719.5247702598572,0.9996600151062012,492.3543004691601,507.7440767288208,0.9985826015472412
147,714.7000768184662,719.165256023407,0.9996405839920044,492.80990648269653,507.86583656072617,0.9987621307373047
148,713.2414016723633,718.8997707366943,0.9996805191040039,492.856728553772,508.38214549422264,0.9989145994186401
149,711.3532235622406,718.4653768539429,0.999812662601471,491.6757926642895,509.92285537719727,0.9991998076438904
150,710.4435682296753,717.6881141662598,0.9998225569725037,492.31416353583336,510.0545082092285,0.9992654919624329
151,709.6639980077744,717.283634185791,0.9998266100883484,491.12695944309235,510.68235063552856,0.9993919134140015
152,708.6104009151459,717.5049157142639,0.9998226761817932,491.4420298933983,511.10536527633667,0.9993960857391357
153,707.3185478448868,717.1607356071472,0.99985671043396,491.65282249450684,511.061252117157,0.9994834661483765
154,706.355791926384,717.2272043228149,0.9998301267623901,491.86940859258175,511.2845640182495,0.9994662404060364
155,706.4917174577713,717.0396275520325,0.9998345375061035,492.4070428311825,511.49968910217285,0.9993783235549927
156,706.4111369848251,716.6761775016785,0.9998268485069275,492.39786460995674,511.20833444595337,0.9994192123413086
157,706.4544720649719,717.0101842880249,0.9998219609260559,492.8581590652466,510.0784249305725,0.9993698000907898
158,706.0200873613358,716.2123312950134,0.9997783303260803,492.8925963640213,509.77073860168457,0.9992714524269104
159,706.4158705472946,716.9898843765259,0.9998519420623779,492.0814508572221,509.45712518692017,0.9991810917854309
160,706.649232506752,717.4486322402954,0.9998537302017212,492.60771757364273,508.6654100418091,0.9991047978401184
161,707.0688341856003,717.6525535583496,0.9998712539672852,491.957745552063,507.4059889316559,0.9985581040382385
162,707.5955387055874,717.1393656730652,0.9998412132263184,491.8918981552124,506.97921657562256,0.9985913634300232
163,707.5635035336018,718.2200202941895,0.9998674392700195,491.26742935180664,507.0388695001602,0.9983782768249512
164,708.742338180542,718.2889633178711,0.9998915195465088,493.5234249830246,506.0648202896118,0.9986573457717896
165,709.6327419281006,718.380133152008,0.999891996383667,493.06230914592743,505.93132400512695,0.9988312125205994
166,710.2043128013611,718.3286099433899,0.9998856782913208,493.0987386703491,503.49840545654297,0.9997102618217468
167,711.2405433654785,719.177713394165,0.9998238682746887,494.0695900917053,502.4736943244934,0.9998701810836792
168,712.1471438407898,719.4418811798096,0.9997990727424622,492.7678680419922,502.7635278701782,0.9997372031211853
169,712.6873369216919,720.0061111450195,0.9997338652610779,493.7211961746216,500.96198642253876,0.9998841285705566
170,713.2709379196167,721.0579175949097,0.9997580647468567,493.89171838760376,500.30951502919197,0.9998908042907715
171,714.6742433309555,721.5250451564789,0.9997490048408508,492.796067237854,500.58938044309616,0.9998706579208374
172,716.0212799403816,722.4942096471786,0.9997438788414001,492.1495246887207,499.6390794813633,0.9997749924659729
173,716.9621331691742,722.6917748451233,0.9997368454933167,491.64441680908203,499.37758618593216,0.9997205138206482
174,718.693844795227,724.3747235536575,0.9997087121009827,492.61580044031143,499.21916019916534,0.9996665716171265
175,719.8291463851929,725.2392184734344,0.9997264742851257,493.0358303785324,498.3914477825165,0.9996747970581055
176,721.7058494091034,724.8657206296921,0.9998052716255188,491.77654457092285,497.1745116710663,0.9997066855430603
177,723.4302517175674,725.822326540947,0.999631404876709,493.2274683713913,496.8961560726166,0.9996525049209595
178,725.3755556344986,729.5186903476715,0.9993411898612976,491.2198540568352,496.78120136260986,0.999503493309021
179,726.4396905899048,730.8165092468262,0.9989111423492432,491.6497374176979,496.20120453834534,0.9993491768836975
180,728.2025518417358,731.3618593215942,0.9991406202316284,491.53592666983604,494.9240641593933,0.9994520545005798
181,729.4975233078003,732.7879490852356,0.9992468357086182,490.71843779087067,494.7162575721741,0.9992545247077942
182,732.0391546711326,733.0790991783142,0.9994275569915771,490.5510083436966,493.16255235671997,0.9988502264022827
183,734.4169597625732,733.3645734786987,0.9995833039283752,491.2667735815048,492.654420375824,0.9984015822410583
184,736.0410852432251,733.9341778755188,0.9998102784156799,490.67170572280884,492.8386287689209,0.9988107681274414
185,737.7887017726898,734.9042701721191,0.9998916387557983,490.3483010530472,492.3272032737732,0.9987488985061646
186,740.4370639324188,736.1823794841766,0.9999295473098755,490.56406450271606,491.7276925444603,0.9987071752548218
187,742.3616154193878,736.8977444171906,0.9999110698699951,490.5413661003113,491.30400359630585,0.998845100402832
188,744.170786857605,737.7081928253174,0.9998342990875244,490.2765736579895,490.4360023736954,0.998751163482666
189,746.0901834964752,739.4902735352516,0.999622106552124,490.2807059288025,489.67243003845215,0.9987479448318481
190,747.6042170226574,740.252017468214,0.9996001124382019,489.7362103462219,489.6686968803406,0.9989684820175171
191,748.9028106331825,740.5306892991066,0.9995326995849609,490.0570750236511,488.92216396331787,0.9986482262611389
192,751.2295999526978,741.7800984382629,0.9995158910751343,489.49880361557007,488.8305196762085,0.9987951517105103
193,753.2655544281006,744.3431613445282,0.9995049238204956,489.6842420101166,488.25109577178955,0.9988698363304138
194,755.0198647975922,746.2772744894028,0.9996752738952637,489.09742403030396,487.3492178916931,0.9993852376937866
195,757.133294582367,747.4014765024185,0.9996306896209717,488.34319019317627,486.80570936203003,0.9996659755706787
196,758.9219193458557,748.1261207461357,0.9994211196899414,488.4672088623047,485.89145493507385,0.9996442794799805
197,761.4585461616516,747.916195936501,0.9986238479614258,488.8984694480896,485.5596148967743,0.9997074007987976
198,762.1534652709961,747.6776905059814,0.9978535771369934,489.18664598464966,484.6497532129288,0.9996157884597778
199,764.7068432569504,747.7111263275146,0.9986540079116821,487.7921211719513,484.10557896643877,0.9997660517692566
200,765.2438105344772,749.6712636947632,0.9992766976356506,487.605055809021,483.5120230615139,0.999816358089447
201,766.8354496955872,749.9337129592896,0.9995158910751343,489.4207248687744,482.4068673849106,0.9997249245643616
202,768.2059364318848,751.5179572105408,0.9997239708900452,488.3333921432495,481.60257935523987,0.9998096823692322
203,771.5237017273903,752.2194473743439,0.9998406171798706,487.65639424324036,481.16055631637573,0.9998352527618408
204,771.8401381522417,753.6601107120514,0.9998292922973633,486.3045709133148,480.96514105796814,0.999894380569458
205,773.841447353363,753.9269289970398,0.9998143315315247,485.20570838451385,480.7881865501404,0.9999053478240967
206,775.7208807468414,754.3104968070984,0.9996931552886963,484.8593388199806,480.38814091682434,0.999901533126831
207,776.6213181018829,755.1607895493507,0.9992413520812988,484.89836782217026,479.703999042511,0.9998774528503418
208,778.9071811437607,755.5880938768387,0.9992831349372864,484.0238731838763,479.6692214012146,0.9998961687088013
209,780.5553585290909,755.677863329649,0.9992462396621704,484.91279697418213,478.6093420982361,0.9998511075973511
210,783.5097966194153,755.5005728006363,0.9995591044425964,485.45751655101776,477.6675057411194,0.9997970461845398
211,786.1143050193787,755.1875386238098,0.9998087286949158,486.57494163513184,476.20735692977905,0.9995787739753723
212,788.5923976898193,754.9006615877151,0.9998502731323242,487.60287141799927,475.64824640750885,0.9993858337402344
213,790.7339556217194,754.9210928678513,0.9997881054878235,488.67593240737915,474.0379550457001,0.9991791844367981
214,792.5771889686584,754.2591811418533,0.9997119307518005,488.39457511901855,473.25778579711914,0.9987208247184753
215,793.4290974140167,756.1627858579159,0.9996237754821777,488.66670513153076,472.87151527404785,0.9987481832504272
216,795.7383642196655,756.7460774183273,0.9996070265769958,490.7843508720398,472.0300450325012,0.9991142153739929
217,797.3763233423233,757.2110520601273,0.9995375871658325,491.95137510821223,471.23825788497925,0.9993540644645691
218,799.5676884651184,756.610895216465,0.9997127652168274,492.0612237639725,470.3287229537964,0.9993939399719238
219,801.0998194217682,757.3250956535339,0.9997367262840271,492.7577612400055,469.5741219520569,0.9994939565658569
220,802.7556486129761,757.559029340744,0.9997077584266663,491.62186071276665,469.20696246623993,0.9995633959770203
221,803.3937603235245,758.073888540268,0.9996628761291504,491.8608207702637,467.7985943853855,0.9996901750564575
222,805.2755306959152,759.9630613327026,0.9995743632316589,492.235473126173,468.06354589760303,0.9996330738067627
223,805.7505261898041,760.7124078273773,0.999517560005188,491.9022092819214,466.65843880176544,0.9997132420539856
224,807.3642766475677,760.6807355880737,0.9993403553962708,492.91098165512085,465.96656107902527,0.9998049139976501
225,808.1590070724487,761.4177670478821,0.9991434812545776,492.25766134262085,465.34245109558105,0.9997163414955139
226,809.6417045593262,761.5199937820435,0.9986860156059265,493.78007555007935,463.9165496826172,0.9997389912605286
227,809.9719324111938,762.3959883451462,0.9987484216690063,495.47286653518677,462.6493067741394,0.9997742772102356
228,809.3588337898254,763.2056140899658,0.9990794658660889,496.87811827659607,461.8103709220886,0.999715268611908
229,810.8456158638,763.749834060669,0.999422550201416,497.1530647277832,460.9898838996887,0.9995867609977722
230,811.9357630312443,763.4982223510742,0.9992936849594116,497.673544883728,460.08422316610813,0.9994725584983826
231,815.5509877204895,764.4779192507267,0.9993255138397217,498.19737207889557,459.4500389099121,0.9995577931404114
232,816.4830439090729,764.526437997818,0.9994674324989319,498.71754562854767,459.1157657504082,0.9995904564857483
233,816.1242227554321,764.193696975708,0.9997132420539856,499.05802744627,458.5591639280319,0.999573290348053
234,816.745902299881,764.2323665618896,0.9997593760490417,498.9716399908066,457.8450381755829,0.9995790123939514
235,817.0208795070648,764.9926242828369,0.9998553991317749,499.8172248452902,457.67637181282043,0.9994931221008301
236,817.5401012897491,765.6361231803894,0.9999111890792847,498.4600372314453,457.972448348999,0.999496340751648
237,818.5173692703247,766.031355381012,0.9999363422393799,498.4522089958191,457.0177974700928,0.9996938705444336
238,819.9440764337778,766.0759963989258,0.9999338388442993,497.8338780403137,456.85397577285767,0.9997071623802185
239,820.6144381761551,766.6251964569092,0.9999351501464844,498.68566358089447,456.0466375350952,0.999786913394928
240,820.9113671779633,766.789192199707,0.9999451637268066,498.32973635196686,455.8868627548218,0.9998227953910828
241,822.4944930076599,767.287148475647,0.9999344348907471,499.2612030506134,455.37000799179077,0.9997877478599548
242,823.3279449939728,767.5538349151611,0.9999089241027832,500.6090770959854,454.12203669548035,0.9998058676719666
243,823.5416462421417,768.0801181793213,0.9998852014541626,501.09353613853455,453.2790014743805,0.9998063445091248
244,824.6182584762573,768.7423858642578,0.9997875094413757,502.9324219226837,451.98032506369054,0.9997740387916565
245,825.0852093696594,769.1126828193665,0.999736487865448,501.89777159690857,451.3495960831642,0.9998171925544739
246,825.292444229126,770.3299732208252,0.999680757522583,505.20160722732544,450.1218857765198,0.9996455907821655
247,826.0287054777145,771.051556289196,0.9996669292449951,505.87079429626465,449.2305612564087,0.9995170831680298
248,827.0964994430542,770.8894964456558,0.9996922016143799,508.9672827720642,447.3351106643677,0.9994795918464661
249,828.2634523510933,770.9956206083298,0.9997101426124573,509.1144576072693,446.8765525817871,0.9992222785949707
250,828.9495481848717,770.6946058273315,0.9997157454490662,510.09957695007324,446.0643482208252,0.999437153339386
251,830.344078540802,770.1258754730225,0.9998387098312378,509.7836232185364,445.6367139816284,0.9994029998779297
252,831.5390868186951,769.9782750606537,0.9999008178710938,510.1985082626343,445.1367754936218,0.9993094205856323
253,832.8402931690216,769.9906675815582,0.9999144077301025,511.0592579841614,444.55464458465576,0.9992546439170837
254,834.7120336294174,769.7330226898193,0.9999257326126099,511.7065739631653,444.6130185723305,0.9992592930793762
255,835.5778196752071,769.4522035121918,0.9999315738677979,512.7039043903351,444.19006752967834,0.9993864297866821
256,836.3633009791374,770.0742934942245,0.9999287128448486,513.2017543315887,443.7790102958679,0.9994277358055115
257,837.6904728412628,770.2023420333862,0.9999071359634399,513.2620680332184,443.31905019283295,0.9995483756065369
258,837.7743180990219,770.3656970262527,0.9998828172683716,513.3996822834015,442.75153481960297,0.9994737505912781
259,838.785083770752,770.3325325250626,0.9998477697372437,513.0469102859497,442.43408036231995,0.9994187355041504
260,839.59645652771,770.2444523572922,0.9998313188552856,513.9029655456543,441.94355845451355,0.9994243383407593
261,840.6685042381287,770.0398573875427,0.9997617602348328,514.5556584596634,441.74788093566895,0.9994910955429077
262,841.5004358291626,770.5418384075165,0.999588668346405,514.7814301252365,441.27897596359253,0.9994238615036011
263,841.5319027900696,770.713094830513,0.9995843768119812,514.7391721010208,440.9080855846405,0.9991782307624817
264,841.8279156684875,771.7161965072155,0.9995143413543701,515.1863238215446,440.6019628047943,0.9993133544921875
265,842.3747009038925,771.5973766744137,0.9995498061180115,515.4190783500671,440.6233263015747,0.9990624785423279
266,842.8578938245773,772.2410592734814,0.9995090961456299,514.6754363775253,440.43214535713196,0.9989940524101257
267,843.6592884361744,770.9054180383682,0.9995573163032532,514.9581233263016,440.22262835502625,0.9986752867698669
268,844.0594672635198,771.0760083198547,0.9994895458221436,515.5182043612003,439.86830472946167,0.999122679233551
269,844.7374343276024,770.5641598701477,0.9995633959770203,515.751651853323,439.8496603965759,0.9988940358161926
270,846.2764072418213,769.0922355651855,0.9996914863586426,516.9303467869759,439.6274428367615,0.9990882873535156
271,847.0647368431091,769.3242688179016,0.9998201727867126,515.0908599495888,441.6798176765442,0.9989173412322998
272,847.6587800979614,769.0486724376678,0.9998716115951538,515.0480042695999,441.6292476654053,0.9990513920783997
273,848.5196599960327,768.9303295612335,0.9998904466629028,515.1263856887817,441.51201248168945,0.9991538524627686
274,849.3703908920288,768.6688055992126,0.9999010562896729,514.5143517255783,441.49759244918823,0.9991004467010498
275,850.7395875453949,768.7534832954407,0.9999083280563354,514.8175714015961,441.18300676345825,0.9993807077407837
276,851.2885877490044,768.8912975788116,0.9999097585678101,514.6962132453918,441.15895080566406,0.9993897676467896
277,852.5005976557732,769.1242949962616,0.9999051094055176,514.2697234153748,441.19799041748047,0.99918133020401
278,853.2768092155457,768.982266664505,0.9998985528945923,514.8288866281509,441.02728843688965,0.999268114566803
279,853.9422155618668,768.7955136299133,0.9998915195465088,514.4361165761948,441.0237717628479,0.9991788268089294
280,854.8694758415222,768.852835893631,0.9998739957809448,515.3006755113602,440.791925907135,0.9993541836738586
281,855.4585196971893,768.3271350860596,0.99985671043396,514.7841254472733,440.54789781570435,0.999259889125824
282,855.6979732513428,768.0465075969696,0.9998288154602051,515.3112915158272,440.2799301147461,0.9994639754295349
283,856.3279461860657,768.1093845367432,0.9997820258140564,515.0947216749191,440.1531834602356,0.9994732737541199
284,856.4209537506104,768.0678849220276,0.9997678399085999,515.0569016337395,440.26857328414917,0.9994382262229919
285,857.3932576179504,768.23628282547,0.9996426105499268,515.155742764473,440.1333990097046,0.9994308352470398
286,857.389856338501,769.0480909347534,0.9996562004089355,515.3397142291069,440.33387422561646,0.9993537068367004
287,857.7828724384308,769.1299436092377,0.9996598958969116,515.5572552680969,440.06077241897583,0.9993610978126526
288,858.4081676006317,769.4694466590881,0.9996770620346069,515.5809323191643,439.87328004837036,0.9993921518325806
289,859.001551091671,769.5723304748535,0.9996460676193237,515.2263983488083,439.82218503952026,0.9990478157997131
290,859.6820155084133,769.5062930583954,0.9996223449707031,515.8352454304695,439.5651822090149,0.9990326166152954
291,860.5609011054039,769.5828232765198,0.9995641112327576,515.6425949633121,439.45385336875916,0.9993196725845337
292,861.2793478965759,768.7319903373718,0.9996634721755981,515.2751961350441,439.6586802005768,0.9993329644203186
293,861.9535856246948,768.3589923381805,0.9997642636299133,515.5377879440784,439.52197265625,0.9990604519844055
294,862.7926588058472,768.201877117157,0.9998569488525391,515.2526205778122,439.22169160842896,0.9993008375167847
295,863.1783485412598,768.2963037490845,0.9998763799667358,515.5497361421585,439.7535846233368,0.9993448853492737
296,862.4104475975037,766.2150979042053,0.9997441172599792,516.1682776212692,441.1357250213623,0.9990699887275696
297,859.8017088621855,763.0414886474609,0.9987375140190125,517.6559221744537,441.5058557987213,0.9991127848625183
298,857.4516677856445,760.9031460285187,0.9977707862854004,517.6614226102829,443.5205860733986,0.9995330572128296
299,854.8119852542877,756.7605755925179,0.9996298551559448,515.0505703687668,445.7979302406311,0.9997634291648865
300,852.8382017016411,754.7421827316284,0.9999027252197266,514.8678719997406,447.4415636062622,0.9998464584350586
301,851.359262406826,753.2154812812805,0.9999287128448486,513.5010190010071,448.52939343452454,0.9998785257339478
302,848.190575838089,751.7773442268372,0.9999370574951172,512.5027937889099,449.77642798423767,0.9998542070388794
303,845.5723061561584,749.8643841743469,0.9996898174285889,511.0695881843567,451.7343663573265,0.9998220801353455
304,844.1301443874836,747.7187194824219,0.9992903470993042,510.37633657455444,453.4978793859482,0.9998502731323242
305,837.7405669689178,744.9438509941101,0.9994102716445923,507.74683475494385,457.8862247467041,0.9992584586143494
306,827.7911568284035,739.8983248919249,0.9996641874313354,504.9420428276062,466.02100348472595,0.9997419714927673
307,818.6759117841721,736.1289117336273,0.9999239444732666,503.8227860927582,473.4225957393646,0.9994497895240784
308,809.559508562088,733.3368682861328,0.9994868040084839,500.3749016523361,479.6269021034241,0.9999094009399414
309,801.0042948722839,726.6725692749023,0.999552309513092,500.4044452011585,485.82424211502075,0.9999220371246338
310,791.1731934547424,721.4222152233124,0.999850869178772,501.96908605098724,490.07896637916565,0.9997748732566833
311,781.5494403839111,719.072690486908,0.999680757522583,502.1461970806122,494.97739028930664,0.9998910427093506
312,773.8686747550964,715.6460674405098,0.999441921710968,500.0461803264916,501.04219102859497,0.9999434947967529
313,767.3434557914734,711.5765042304993,0.998417854309082,504.36918544769287,503.33215260505676,0.9997397065162659
314,759.3671219348907,708.3554033637047,0.9996353387832642,504.4994316101074,505.7494215965271,0.9993714690208435
315,752.8734743595123,705.886234998703,0.9998086094856262,506.9951527118683,506.2358708381653,0.9988590478897095
316,747.4534197449684,704.9130659103394,0.9994780421257019,508.077929019928,506.7044343948364,0.9989526271820068
317,741.889206290245,701.7482328414917,0.9994839429855347,509.9771728515625,506.9181842803955,0.9993683695793152
318,736.2286458015442,700.7867798805237,0.9985496401786804,511.2593455314636,507.18614333868027,0.9994819760322571
319,732.2518956661224,701.4546256065369,0.998259961605072,510.24214220046997,508.52202355861664,0.9994379878044128
320,728.8828825950623,699.7667940407991,0.9969958066940308,512.0949604511261,507.7044777274132,0.9995143413543701
321,724.2124848365784,699.4799578785896,0.9986733198165894,510.158802986145,508.64956998825073,0.9995898604393005
322,721.2300753593445,699.0263155698776,0.9988102912902832,511.9002494812012,508.63223028182983,0.999651312828064
323,718.6258840560913,697.8240947723389,0.9978175163269043,510.4032373428345,509.9537363052368,0.9997474551200867
324,715.4191418290138,696.7248458862305,0.9972291588783264,512.2883071899414,509.3411068916321,0.9997339844703674
325,712.4328227043152,695.6452922821045,0.9971529245376587,511.4445147514343,509.9193449020386,0.999738872051239
326,710.0452332496643,693.1909160614014,0.9992321729660034,512.0396633148193,509.8127951622009,0.9997922778129578
327,708.8516823649406,693.6037187576294,0.9996044039726257,512.3394238948822,509.46154260635376,0.9997802376747131
328,706.8131459951401,693.117507815361,0.9998043179512024,512.0275020599365,510.02411699295044,0.9998067021369934
329,705.6650130748749,692.3930567800999,0.9998462200164795,511.9272904396057,510.21467208862305,0.9998279809951782
330,704.1792287826538,692.4547446072102,0.9998114705085754,512.5866606235504,510.25189685821533,0.9998152852058411
331,701.9907531738281,692.6581456065178,0.9996700286865234,511.34217071533203,510.9086751937866,0.9998596906661987
332,699.5625542700291,692.470214754343,0.9995819926261902,511.41452074050903,511.228928565979,0.9998784065246582
333,697.9221320152283,691.9326618164778,0.9997028708457947,511.6702570915222,510.8336281776428,0.9998534917831421
334,696.1893730163574,691.6015740633011,0.9996556043624878,511.2510657310486,511.06468534469604,0.9998652935028076
335,695.5276124477386,690.7730885744095,0.9997144341468811,510.2621269226074,511.6642789840698,0.9998700618743896
336,694.6642038822174,690.5586022138596,0.9998397827148438,510.91727781295776,511.2336382865906,0.9998782873153687
337,694.3332879543304,690.2442134618759,0.9998856782913208,511.68539667129517,511.1167902946472,0.9998621940612793
338,693.6385624408722,690.2968522310257,0.999883770942688,511.5852355957031,510.7126431465149,0.9998513460159302
339,693.1038092374802,689.9195473194122,0.9999030828475952,510.8633975982666,510.9833288192749,0.9998829364776611
340,691.8747349977493,690.071741938591,0.9999158382415771,511.439914226532,511.23701000213623,0.9998244643211365
341,691.012893974781,689.7444550991058,0.9999198913574219,510.53422927856445,511.56750774383545,0.9998701810836792
342,689.7629523277283,690.0762042999268,0.9999065399169922,510.3128876686096,511.5964035987854,0.9998528957366943
343,689.1101140975952,689.4313089847565,0.9999014139175415,511.19776344299316,510.85710287094116,0.9998267292976379
344,688.0085089206696,689.9380638599396,0.9998868703842163,511.73046875,510.61256980895996,0.99982088804245
345,687.331983089447,689.6956653594971,0.9998854398727417,511.52159452438354,510.6855640411377,0.9998167157173157
346,686.6152267456055,689.308762550354,0.999871015548706,511.7230625152588,511.0036678314209,0.9998369216918945
347,685.5083875656128,689.4942514896393,0.9998051524162292,512.012659072876,510.3409729003906,0.9997115731239319
348,684.9053769111633,689.4953901767731,0.9997443556785583,511.4576497077942,511.3046383857727,0.9998700618743896
349,683.7141743898392,689.6871747970581,0.9997143149375916,511.5020613670349,511.3952965736389,0.9997710585594177
350,683.1899610757828,689.9552781581879,0.999724805355072,510.4020161628723,511.63604640960693,0.9998145699501038
351,682.7177802324295,689.6449654102325,0.9997709393501282,510.0647587776184,511.65151166915894,0.9997838139533997
352,682.0876033306122,689.2366533279419,0.9997679591178894,510.28237676620483,511.8713641166687,0.9998499155044556
353,681.6601502895355,689.119455575943,0.9997275471687317,510.5252356529236,511.7464380264282,0.9998052716255188
354,681.1811048984528,689.3865966796875,0.9997172951698303,508.72161197662354,513.1321985721588,0.9998167157173157
355,680.8081736564636,689.958352804184,0.9997019171714783,508.52569484710693,513.3771698474884,0.999835729598999
356,680.6559879779816,689.7123749256134,0.9996598958969116,509.10726165771484,513.5798964500427,0.9997671246528625
357,680.4206094741821,689.438313961029,0.9997400641441345,507.7938488125801,514.6057542562485,0.9996991157531738
358,680.8932547569275,687.6123390197754,0.9997281432151794,508.59919261932373,513.7972390651703,0.999751627445221
359,680.242965221405,687.2163815498352,0.9997696280479431,509.1164622306824,513.3151006698608,0.9998272061347961
360,679.8862011432648,687.1325702667236,0.9997716546058655,508.1295042037964,514.1187343597412,0.999744713306427
361,679.6277253627777,686.1438875198364,0.9997288584709167,508.35851287841797,513.8600692749023,0.9997687935829163
362,679.9419400691986,684.9163575172424,0.9997270703315735,508.52076292037964,513.5242967605591,0.9998518228530884
363,679.3849303722382,684.3902869224548,0.9997469782829285,508.29804944992065,513.973851442337,0.9997815489768982
364,679.5094568729401,683.8128843307495,0.9996988773345947,508.2336015701294,514.5138607025146,0.9997612833976746
365,679.400360584259,682.8076705932617,0.9993983507156372,508.2877793312073,514.3531124591827,0.9997808337211609
366,679.0124568939209,683.0329780578613,0.9994699358940125,506.9129295349121,514.6961560249329,0.9996620416641235
367,679.0365796089172,682.9463052749634,0.9995379447937012,507.7762419581413,514.8622215986252,0.9996448755264282
368,678.3285927772522,683.3418130278587,0.999136745929718,507.77195596694946,514.8328759670258,0.9997578263282776
369,678.5588438510895,682.5173004865646,0.9991602897644043,508.0016326904297,514.9689790010452,0.9997287392616272
370,678.6172103881836,682.5413123369217,0.9993330836296082,507.9761675707996,514.5868619680405,0.9997491240501404
371,679.4774343967438,681.3762464523315,0.9988223910331726,508.2873749732971,514.2702215909958,0.9998561143875122
372,679.7233281135559,680.8965365886688,0.9984473586082458,507.8051223754883,514.4408190250397,0.9997410178184509
373,679.7150785923004,680.4894263744354,0.9985617995262146,506.7597304582596,515.15909075737,0.9997226595878601
374,680.1530623435974,680.2126042842865,0.9983845949172974,508.02595558948815,514.5891535282135,0.999799907207489
375,680.0158185958862,679.9896988868713,0.998408854007721,507.96018041297793,514.2008081674576,0.9997847676277161
376,679.823805809021,680.6386969089508,0.9986592531204224,507.6722822189331,514.594676733017,0.9997990727424622
377,679.5060112476349,679.8169455528259,0.9984328150749207,508.4183068573475,514.543860077858,0.9997735619544983
378,679.3515155315399,679.5926327705383,0.998267412185669,508.05460891872644,514.1816940307617,0.9997863173484802
379,679.6312973499298,679.6413888931274,0.9983600974082947,508.1568867266178,514.2848343849182,0.9998218417167664
380,678.9858553409576,679.8189640045166,0.9986512064933777,506.9905308485031,515.2254964113235,0.9998034834861755
381,679.1447310447693,679.3233795166016,0.9982640147209167,506.7002055644989,515.0789468884468,0.9997397065162659
382,678.956386089325,679.8488883972168,0.9984741806983948,507.6281721293926,514.8235083818436,0.9997815489768982
383,679.9941024780273,677.4300056695938,0.9977772831916809,508.64426136016846,514.9113142490387,0.9998906850814819
384,678.1611802577972,676.8856025338173,0.999326229095459,509.22231578826904,515.241593837738,0.9999305009841919
385,676.478818833828,674.9015151262283,0.9997827410697937,509.6238007545471,515.9079784601927,0.9999310970306396
386,675.0836057662964,674.105299949646,0.9998383522033691,509.48560428619385,516.6142644286156,0.9999167919158936
387,673.4874289035797,673.8427832126617,0.999848484992981,510.32767963409424,516.4230029881,0.9999001026153564
388,671.6406083106995,673.3111259937286,0.9997938275337219,510.8962984085083,515.9579226747155,0.9999380111694336
389,669.0591337680817,672.3421716690063,0.999349057674408,510.8048634529114,516.0194874797016,0.9999133348464966
390,667.2689867019653,672.1607530117035,0.9993390440940857,512.2159328460693,515.5901085734367,0.9999370574951172
391,666.059912443161,672.0446486473083,0.9993564486503601,511.4746356010437,516.3719275295734,0.9999310970306396
392,665.5601358413696,671.9950242042542,0.9992350339889526,511.1872582435608,516.4212881028652,0.9999172687530518
393,665.0972628593445,671.2980613708496,0.9994602799415588,511.3822374343872,516.2504728734493,0.9999237060546875
394,663.4500405788422,671.2280802726746,0.9997486472129822,510.8546266555786,517.22352206707,0.9998836517333984
395,663.2659752368927,671.5178837776184,0.9997779726982117,512.3791601657867,515.5097542703152,0.9999344348907471
396,662.464608669281,671.530773639679,0.9998188614845276,511.80629539489746,516.0822907090187,0.9999356269836426
397,662.1527700424194,670.4943103790283,0.9997974038124084,511.6994605064392,516.2874565422535,0.9999407529830933
398,661.2104858160019,670.6053552627563,0.9998307228088379,511.0919909477234,516.6014305949211,0.9999169111251831
399,660.5369267463684,670.7793817520142,0.9998332262039185,511.03721714019775,516.3410670161247,0.99992835521698
400,659.4937539696693,670.4656238555908,0.9998466968536377,511.46701097488403,516.7508614659309,0.9999395608901978
401,659.2284815907478,670.9927463531494,0.9998723268508911,512.0263068675995,515.9167726561427,0.999948263168335
402,659.161431491375,670.4207096099854,0.9998226761817932,511.6391410827637,516.3926250040531,0.999947190284729
403,658.1162017583847,670.0585193634033,0.9998379945755005,511.4610333442688,516.1829346120358,0.9999451637268066
404,656.9189987182617,670.4224576950073,0.999813973903656,512.1797082424164,515.9644231311977,0.9999527931213379
405,656.7870600223541,670.3076066970825,0.9997420907020569,512.1214256286621,515.8138788342476,0.999953031539917
406,655.2804746627808,670.412112236023,0.9997757077217102,512.268758058548,515.7228640019894,0.9999457597732544
407,654.3323888778687,669.9743957519531,0.999626874923706,511.2551546096802,516.2725984156132,0.9999419450759888
408,654.0898470878601,669.0817551612854,0.9994683861732483,511.45888900756836,516.0520264208317,0.999921441078186
409,653.4059557914734,669.4959211349487,0.999512791633606,511.6443934440613,516.1854019314051,0.9999438524246216
410,652.0459628887475,670.4286799430847,0.9994995594024658,512.5495421886444,515.5217196047306,0.9999330043792725
411,650.750296831131,670.6640844345093,0.9995856881141663,511.26354932785034,516.3954225480556,0.9999421834945679
412,650.4027372598648,671.0837049484253,0.9996211528778076,512.577299118042,515.3299385309219,0.9999457597732544
413,650.6421015262604,670.7521886825562,0.999537467956543,512.3198795318604,515.7395609021187,0.9999479055404663
414,649.6529941558838,670.3194789886475,0.999563992023468,513.2861635684967,515.0081359148026,0.9999445676803589
415,648.6913552284241,670.2011399269104,0.9995430707931519,511.5271077156067,516.0719697400928,0.9999191761016846
416,647.4081058502197,670.2820525169373,0.999448835849762,511.9778633117676,515.9941296083853,0.9999407529830933
417,648.037011384964,669.961612701416,0.9993958473205566,512.8971252441406,515.3328063488007,0.9999446868896484
418,647.9518985748291,668.9697914123535,0.9990712404251099,513.5021476745605,514.8854782581329,0.999936580657959
419,647.715343952179,670.038423538208,0.9990763664245605,512.4833765029907,515.4844682216644,0.9999455213546753
420,646.8272662162781,669.133638381958,0.9987601041793823,513.1358058452606,514.530845284462,0.9999384880065918
421,646.9915268421173,669.2045222520828,0.9992362260818481,513.2225363254547,514.8554627895355,0.9999340772628784
